-- phpMyAdmin SQL Dump
-- version 3.4.3.2
-- http://www.phpmyadmin.net
--
-- Servidor: localhost
-- Tiempo de generación: 17-02-2018 a las 15:10:57
-- Versión del servidor: 5.1.73
-- Versión de PHP: 5.3.3



/*!40101 SET @OLD_CHARACTER_SET_CLIENT=@@CHARACTER_SET_CLIENT */;
/*!40101 SET @OLD_CHARACTER_SET_RESULTS=@@CHARACTER_SET_RESULTS */;
/*!40101 SET @OLD_COLLATION_CONNECTION=@@COLLATION_CONNECTION */;
/*!40101 SET NAMES utf8 */;

--
-- Base de datos: `equipografico`

-- --------------------------------------------------------

--
-- Estructura de tabla para la tabla `cli`
--

CREATE TABLE IF NOT EXISTS `cli` (
  `id` int(11) NOT NULL AUTO_INCREMENT,
  `razon` varchar(45) NOT NULL,
  `apellido` varchar(45) NOT NULL,
  `direccion` varchar(45) NOT NULL,
  `telefono` int(20) NOT NULL,
  `email` varchar(45) NOT NULL,
  `cuit` int(45) NOT NULL,
  PRIMARY KEY (`id`)
) ENGINE=MyISAM  DEFAULT CHARSET=latin1 AUTO_INCREMENT=575 ;

--
-- Volcado de datos para la tabla `cli`
--

INSERT INTO `cli` (`id`, `razon`, `apellido`, `direccion`, `telefono`, `email`, `cuit`) VALUES
(208, 'Paulina', 'Sandoval', 'Massenna 2190', 4781761, 'paulinasandoval@yahoo.com.ar', 30871451),
(207, 'Alejo Daniel', 'Diaz', 'Pje. de las Garantias 1981', 1598782311, 'alejitodiaz@live.com', 31166741),
(206, 'Axel', 'elpibepepa', 'lejosmuy 6219', 153367431, 'axelempepado@hotmail.com', 32156871),
(205, 'Rodolfo', 'Elgigante', 'Av. Jose Maria Moreno 444', 1521232122, 'rodoelgigante@yahoo.com', 30761367),
(204, 'MaximilianoOOOOO', 'Zanninni', 'Av. Alcorta 612', 4871561, 'maximaxizanizani@yahoo.com.ar', 31476321),
(203, 'Javier', 'Miranda', 'Caracas 871', 46717562, 'javiermiranda@yahoo.com', 39871345),
(196, 'Macarena', 'Loperfido', 'Av. Chiclana 2212', 1531453211, ' daleatucuerpomaca@yahoo.com', 31671431),
(197, 'Liliana', 'Bellastino', 'Rio de Janeiro 22', 1531345139, 'lilianbella@hotmail.com', 33421457),
(194, 'Federico', 'Marthos', 'Salcedo 4381', 49411172, 'fedemarthos_61@gmail.com', 41156123),
(193, 'Fernanda', 'Asturias', 'Sanchez de loria 671', 1531145731, 'fernandaastu@hotmail.com', 28931651),
(190, 'Leonel', 'noesmessi', 'Rosario 911', 1544123167, 'leonoesmessi@terra.com.ar', 31160518),
(191, 'Lucas', 'Gonzalo', 'Camacua 333', 1532217811, 'lucasgonzalo@gmail.com', 33221155),
(192, 'Matias', 'Dalton', 'Av. Siempreviva 555', 1531190822, 'matidalto@hotmail.com', 31907521),
(198, 'Leonel', 'noesmessi', 'Rosario 911', 1544123167, 'leonoesmessi@terra.com.ar', 31160518),
(200, 'Red Federada', 'Mutual', 'Av. Cordoba 950', 1531190822, 'inforedfederada@mutual.com', 31907521),
(201, 'Fernando', 'Pascussi', 'Zuviria 2211', 1571542220, 'ferpascu@hotmail.com', 32412231),
(174, 'David', 'Machado', 'Dean funes 121', 4321781, 'david_machado@gmail.com', 30161829),
(202, 'Hugo', 'Foratti', 'Defensa 331', 1531145121, 'hugoforatti@hotmail.com', 30871456),
(172, 'Maria Jimena', 'Dopazo', 'Av. Centenera 3411', 1541364214, 'mjimenadopazo@yahoo.com.ar', 33428690),
(173, 'Leonardoff', 'Mastrangello', 'Av. Boedo 6513', 49415651, 'leoleomastrang@ciudad.com.ar', 29871621),
(169, 'Agustina', 'Bernasconi', 'Ezeiza 651', 1561617234, 'agusbernasconi@hotmail.com', 34871451),
(170, 'Guido', 'Mainini', 'Ciudad de la Paz 1427', 1551315623, 'guidito_77@yahoo.com.ar', 26631489),
(168, 'Luciano', 'Meinke', 'Olleros 4131', 1556123547, 'luchomeinke@gmail.com', 23441327),
(167, 'Sabrina', 'Marriotto', 'Virrey Liniers 2541', 45725622, 'sabrinamarri@hotmail.com', 28751451),
(166, 'Martha', 'Galfortti', 'La Rioja 111', 46518246, 'mathita@gmail.com', 30651741),
(165, 'Vanesa', 'Buscaglia', 'Av. Asamblea 761', 1571528122, 'Vanesa_81@gmail.com', 28751671),
(164, 'Mariano', 'Yazztrimiz', 'Pedernera 341', 1563217145, 'marianoyazz@hotmail.com', 33761451),
(163, 'Maria Victoria', 'Fassina', 'Av. Independencia 4121', 47619561, 'maruvicky@yahoo.com.ar', 36731561),
(162, 'Lautaro', 'Pettina', '15 de Julio 23', 1524321431, 'lautaropettinaflores@hotmail.com', 26741489),
(160, 'Sebastian', 'Garrido', '24 de noviembre 3198', 1561522411, 'sebasgarrido08@hotmail.com', 31160518),
(159, 'Diego', 'Morales', 'Bolivar 1222', 1561452344, 'diegomorales@yahoo.com.ar', 30561861),
(155, 'Micaela', 'Gutierrez', 'Av. Mitre 3217', 1541823223, 'micagutierrez@terra.com.ar', 31160518),
(152, 'Laura', 'Mascortti', 'Av. Corrientes 561', 1576055141, 'lauramascort@ciudad.com.ar', 29541741),
(150, 'Daiana Yamias', 'Benitez', 'Av. San Juan 1234', 1551058377, 'daianabenitz@yahoo.com', 31561831),
(209, 'Marcelo Nicolas', 'Guarino', 'Gascon 290', 1541567133, 'marceloelcordobes@ciudad.com.ar', 31156721),
(463, 'Guille', 'mendioroz', 'camacua 328', 1544098123, 'maildemendio@gmail.com', 31167521),
(533, 'su_nombre', 'suapellido', 'prueba', 12345, 'tallerossello@gmail.com', 31167521),
(573, 'xzcxz', 'xcvxv', 'xcvcxv', 1544058320, 'bruno_bernasconi@hotmail.com', 31160500),
(574, 'sss', 'ss', 'ss', 1544058320, 'frwa@fasd.com', 30861431);

-- --------------------------------------------------------

--
-- Estructura de tabla para la tabla `pre`
--

CREATE TABLE IF NOT EXISTS `pre` (
  `numpre` varchar(10) NOT NULL,
  `numcli` int(4) NOT NULL,
  `fecha` varchar(24) NOT NULL,
  `manobra` varchar(200) CHARACTER SET utf8 COLLATE utf8_spanish2_ci NOT NULL,
  `obsrv` varchar(200) NOT NULL,
  `precioman` float NOT NULL
) ENGINE=MyISAM DEFAULT CHARSET=latin1;

--
-- Volcado de datos para la tabla `pre`
--

INSERT INTO `pre` (`numpre`, `numcli`, `fecha`, `manobra`, `obsrv`, `precioman`) VALUES
('201-01', 201, '11/07/2017', 'ffffeeeeeeeee', 'sssswwwwww', 128),
('200-01', 200, '11/07/2017', 'ggggggg', 'eeee', 123),
('169-01', 169, '11/07/2017', 'PRESUPUESTO PRUEBA CONddddddddddddd COSTOddddddddddd', 'GARANTIA 3 MESESssssdddddddddddddsssssssssseeeees', 1341.21);

-- --------------------------------------------------------

--
-- Estructura de tabla para la tabla `prov`
--

CREATE TABLE IF NOT EXISTS `prov` (
  `id` int(4) NOT NULL,
  `razon` varchar(45) NOT NULL,
  `direccion` varchar(45) NOT NULL,
  `telefono` varchar(45) NOT NULL,
  `email` varchar(45) NOT NULL,
  `cuit` int(45) NOT NULL,
  `ingbru` varchar(10) NOT NULL
) ENGINE=MyISAM DEFAULT CHARSET=latin1;

--
-- Volcado de datos para la tabla `prov`
--

INSERT INTO `prov` (`id`, `razon`, `direccion`, `telefono`, `email`, `cuit`, `ingbru`) VALUES
(22, 'Rep. Volkswagen', 'Av. Honorio Pueyrredon 1130', '45231891', 'ventas@repuestosvw', 2147483647, '0340017-04'),
(21, 'Oscar Suspension', 'Warnes 1641', '48716781', 'oscarsuspension@oscarsuspension.com.ar', 2147483647, '0410217-03'),
(18, 'Equipo Grafico', 'Zanartu 1700', '49220291', 'info@equipografico.com.ar', 2007621495, '0320121-05'),
(20, 'Descartables S.A.', 'Albarracin 1490', '45317891', 'recepcion@descartables.com.ar', 2147483647, '0360321-07'),
(19, 'Warnes Repuestoss', 'Warnes 1360', '49814571', 'ventas@warnesrepuestos.com.ar', 2147483647, '0140022-08'),
(23, 'Todo Honda', 'Lacarra 34', '43218712', 'ventas@hondarep.com.ar', 2147483647, '0240521-08'),
(24, 'Hiunday Shop', 'Av. Rivadavia 3451', '47618935', 'pedidos@hiundayshop.com.ar', 2147483647, '0450022-01'),
(25, 'Telefonica S.A.', 'Av. Corrientes 707', '43337351', 'montoto@ytelefonica.com.ar', 2147483647, '0341317-0'),
(26, 'Larepuestera', 'Warnes 871', '48715671', 'pedidos@larepuestera.com.ar', 2147483647, '0341121-04'),
(27, 'Lubricantes Carlos', 'Lisando de la torre 1821', '43719834', 'carlos.lubrex@lubricantescarlos.com.ar', 2147483647, '0330021-01'),
(28, 'Todo lamparas', 'Av. Directorio 1390', '45317811', 'todolamparas@gmail.com', 2147483647, '0302011-02'),
(29, 'La bujia loca', 'Av. Directorio 1650', '45156817', 'ventas@labujialoca.com.ar', 2147483647, '0044027-02'),
(30, 'Radio Electronica S.A.', 'Timoteo gordillo 65', '54321871', 'info@hotmial.com', 2147483647, '0140121-03'),
(31, 'Encendido Garay', 'Av. Garay 3171', '45618712', 'encendidogaray@gmail.com', 2147483647, '0330311-04'),
(32, 'Repuestos Marcelo', 'Av. Velez Sarfield 1333', '43217634', 'marcelog@hotmail.com', 2147483647, '0343400-04'),
(33, 'Repuestos Multimarca', 'Warnes 1456', '4831671', 'repuestos2001@live.com.ar', 2147483647, '0445612-04'),
(34, 'Office center', 'Sarmiento 721', '45618712', 'ventas@officecenter.com.ar', 2147483647, '0127841-00'),
(35, 'Rodamientos SKF', 'Av. Jujuy 4561', '45718961', 'rodamientosskf@gmail.com', 2147483647, '0917622-04'),
(36, 'Mangueras Aristimunio', 'Warnes 451', '56156781', 'info@manguerasaristi.com.ar', 2029816787, '0646154-04'),
(37, 'Tren delantero Mario', 'Warnes', '53416781', 'info@trenmario.com.ar', 2147483647, '0615013-00'),
(38, 'Pinturas Boedooo', 'Av. Boedo 571', '45418891', 'ventaspinturasboe@hotmail.com', 2147483647, '0248177-04');

-- --------------------------------------------------------

--
-- Estructura de tabla para la tabla `registros`
--

CREATE TABLE IF NOT EXISTS `registros` (
  `id` int(11) NOT NULL AUTO_INCREMENT,
  `nombre` varchar(255) NOT NULL,
  `passwor` varchar(255) DEFAULT NULL,
  `perfil` int(1) DEFAULT NULL,
  `cli` varchar(24) DEFAULT NULL,
  `activate` varchar(20) DEFAULT NULL,
  `estado` int(1) NOT NULL,
  PRIMARY KEY (`id`)
) ENGINE=MyISAM  DEFAULT CHARSET=latin1 AUTO_INCREMENT=538 ;

--
-- Volcado de datos para la tabla `registros`
--

INSERT INTO `registros` (`id`, `nombre`, `passwor`, `perfil`, `cli`, `activate`, `estado`) VALUES
(20, 'administracion', '$2y$10$cpA0UCFpC2oeMJSOZW9ghunMMMyDkkElAcDWuTXRBFXOuula5I6gS', 2, 'taller', NULL, 0),
(139, 'bruno', '$2y$10$m9XeBia0KJ64IR.D8tH7vullbChmMFHkHPZtmXnIn8HEDbmrgYPIu', 1, 'Administracion', NULL, 0),
(231, 'taller', '$2y$10$vIlhYADjVVbMW0UHYIKuj.R7udyYqHEwwLNSJXyZ26EsYubh49rWu', 2, 'Taller', NULL, 1),
(517, 'daianabenitezyo@hotmail.com', '', 3, '560', 'HwHJerHGjkpwxT8H5iEd', 0),
(532, 'matias', '$2y$10$a/syfFhnzq3UcG0wh5qNwOLJbmx9/QMOaE9nNRVX2ID9xIUSVJzze', 1, NULL, NULL, 1),
(533, 'admin', '$2y$10$D3XycRUYI0KtMPMobC0z..kIn7EqWu2v8ErIBF281NmnHYuAShC7m', 1, NULL, NULL, 1),
(534, 'bruno_bernasconi@hotmail.com', '$2y$10$d7TzQtWgYKe0QEMxInOOiuHG8VCoqdUtvUwifV6YhV8CMVDATB9z6', 3, '572', 'zLrCE5vi0weGTcaAavpd', 1),
(535, 'bruno_bernasconi@hotmail.com', '$2y$10$d7TzQtWgYKe0QEMxInOOiuHG8VCoqdUtvUwifV6YhV8CMVDATB9z6', 3, '573', 'n591E8CpBtUgcKvUS6M9', 1),
(536, 'cliente', '$2y$10$AoS733fXTJSGJn8sB4UMFewAoGbad9/U7GL5SKm/DW86UrE89qK.q', 3, '192', NULL, 1),
(537, 'frwa@fasd.com', '', 3, '574', 'rjMxEjxpcsgEdAWVs6Zc', 0);

-- --------------------------------------------------------

--
-- Estructura de tabla para la tabla `stk`
--

CREATE TABLE IF NOT EXISTS `stk` (
  `art` int(11) NOT NULL,
  `descripcion` varchar(45) CHARACTER SET utf8 COLLATE utf8_spanish2_ci NOT NULL,
  `provee` int(4) NOT NULL,
  `marca` varchar(45) CHARACTER SET utf8 COLLATE utf8_spanish2_ci NOT NULL,
  `modelo` varchar(45) CHARACTER SET utf8 COLLATE utf8_spanish2_ci NOT NULL,
  `cod` varchar(20) NOT NULL,
  `reftec` varchar(45) CHARACTER SET utf8 COLLATE utf8_spanish2_ci NOT NULL,
  `stock` int(20) NOT NULL,
  `precio` float NOT NULL
) ENGINE=MyISAM DEFAULT CHARSET=latin1;

--
-- Volcado de datos para la tabla `stk`
--

INSERT INTO `stk` (`art`, `descripcion`, `provee`, `marca`, `modelo`, `cod`, `reftec`, `stock`, `precio`) VALUES
(511, 'LAMPARA 1034 12 LEDS', 33, 'GENERICO', '', 'LED-1034', '', 22, 45.8),
(509, 'LED-102B 24V', 31, 'GENERICO', '', 'LED-1022', '', 14, 28.2),
(510, '1034B LAMPARA 1034 TIPO 5', 32, 'GENERICO', '', 'LED-1034', '', 14, 243.2),
(507, 'LED-104B 24V', 29, 'GENERICO', '', 'LED-1042', '', 11, 42.1),
(508, '102R', 29, 'GENERICO', '', 'LED-102Y', '', 9, 356.9),
(506, 'ARA 93 12V 21W VERDE', 28, 'GENERICO', '', 'LAM-9312', '', 11, 22.8),
(505, 'RA 3175B TUBULAR CORTA', 28, 'GENERICO', '', 'LAM-3175', '', 22, 432),
(504, 'PARA T 20 12V 21W', 28, 'GENERICO', '', 'LAM-T201', '', 8, 231.2),
(502, 'LAMPARA 1034 12V 21W', 28, 'GENERICO', '', 'LAM-1034', '', 8, 125),
(503, 'PARA 1195 24V 45W', 28, 'GENERICO', '', 'LAM-1195', '', 8, 327.9),
(501, 'ARA 1004 12V 15W BA15D B19 2 POLOS', 28, 'GENERICO', '', 'LAM-1004', '', 5, 561),
(500, 'RA 1004 12V 15W BA15D B19 2 POLOS', 28, 'GENERICO', '', 'LAM-1004', '', 12, 16.8),
(499, 'ARA 1003 12V 15W VERDE', 28, 'GENERICO', '', 'LAM-1003', '', 11, 28.9),
(497, 'ARA 75 12V 2W', 28, 'GENERICO', '', 'LAM-7512', '', 8, 470.9),
(498, 'ARA 912 24V 15 W', 28, 'GENERICO', '', 'LAM-9122', '', 9, 341.3),
(496, 'PARA 8025 24 V', 28, 'GENERICO', '', 'LAM-8025', '', 2, 122.8),
(495, 'BOBINA DE IGN.', 27, 'VOLKSWAGEN', 'Caddy/Polo Classic 1.6i-1.8iGolf', 'BOB-2548', 'www.volkswagen.com.ar/', 11, 871.1),
(493, 'BOBINA DE IGN.', 27, 'TOYOTA', 'Lapiz', 'BOB-5048', '', 12, 241.4),
(494, 'BOBINA DE IGN.', 27, 'VOLKSWAGEN', 'Beetle/Caddy/Golf/Passat/Polo', 'BOB-5004', 'www.volkswagen.com.ar/', 12, 312.7),
(492, 'BOBINA DE IGN.', 27, 'TOYOTA', 'Carina E 1.6i 16v Celica 1.8i 16v', 'BOB-5019', '', 11, 222.1),
(491, 'BOBINA DE IGN.', 27, 'RENAULT', 'Megane/Laguna/Clio/Kangoo', 'BOB-5049', 'www.renault.com.ar/', 11, 1234.4),
(490, 'BOBINA DE IGN.', 27, 'RENAULT', 'Megane 1.6i', 'BOB-5026', 'www.renault.com.ar/', 27, 621.8),
(488, 'BOBINA DE IGN.', 27, 'RENAULT', 'Laguna/Megane 1.8i-2.0i Seat', 'BOB-5024', 'www.renault.com.ar/', 18, 112.8),
(489, 'BOBINA DE IGN.', 27, 'RENAULT', 'Megane 1.6i Laguna 2.0i 16v', 'BOB-5027', 'www.renault.com.ar/', 22, 972.5),
(486, 'BOBINA DE IGN.', 27, 'RENAULT', 'Clio/Laguna 18/19/21 Express Trafic', 'BOB-2575', 'www.renault.com.ar/', 17, 24.8),
(487, 'BOBINA DE IGN.', 27, 'RENAULT', 'Laguna 1.8i-2.0i-3.0i Megane 2.0i', 'BOB-5025', 'www.renault.com.ar/', 17, 12.1),
(485, 'BOBINA DE IGN.', 27, 'RENAULT', 'Clio/Kangoo 1.4i/1.6i Megane', 'BOB-5028', 'www.renault.com.ar/', 10, 241.45),
(484, 'BOBINA DE IGN.', 27, 'RENAULT', 'Clio/Kangoo 1.2i-1.4i - 1.6i Twingo', 'BOB-5034', 'www.renault.com.ar/', 9, 321.21),
(483, 'BOBINA DE IGN.', 27, 'RENAULT', 'Clio/Kangoo 1,4i-1.6i Megane', 'BOB-5029', 'www.renault.com.ar/', 9, 17.3),
(482, 'BOBINA DE IGN.', 27, 'RENAULT', 'Clio II 16', 'BOB-5045', 'www.renault.com.ar/', 9, 541.9),
(481, 'BOBINA DE IGN.', 26, 'PEUGEOT', '106,206,306,307', 'BOB-5043', 'www.peugeot.com.ar', 6, 651.9),
(480, 'CAJA PORTA FUSIBLES 8 FUSIBLES TIPO VIDRIO', 25, 'GENERICO', '', 'HIG-FV801', '', 8, 321.9),
(479, 'CAJA PORTA FUSIBLES 6 FUSIBLES TIPO VIDRIO', 25, 'GENERICO', '', 'HIG-FV601', '', 4, 121.8),
(478, 'CAJA PORTA FUSIBLES 4 FUSIBLES TIPO VIDRIO', 25, 'GENERICO', '', 'HIG-FV401', '', 25, 55.8),
(477, 'CAJA PORTA FUSIBLES 10 FUSIBLES TIPO VIDRIO', 25, 'GENERICO', '', 'HIG-FV100', '', 23, 467.9),
(476, 'CAJA PORTA FUSIBLES 10 FUSIBLES TIPO FICHA', 25, 'GENERICO', '', 'HIG-FB10', '', 20, 38),
(474, 'CAJA PORTA FUSIBLES 8', 25, 'GENERICO', '', 'HIG-FB801', '', 17, 78),
(475, 'CAJA PORTA FUSIBLES 12 FUSIBLES TIPO FICHA', 27, 'GENERICO', '', 'HIG-FB12', '', 18, 92),
(473, 'CAJA PORTA FUSIBLES 6', 25, 'GENERICO', '', 'HIG-FB601', '', 8, 62),
(472, 'BOMBA LAVA PARABRISAS', 25, 'VOLKSWAGEN', 'POINTER/GOL/GOLF/', 'CLB-3110', 'www.volkswagen.com.ar', 9, 42),
(471, 'BOMBA LAVA PARABRISAS', 25, 'FORD', 'ESCORT/FIEST', 'CLB-3110', 'www.ford.com.ar/re', 9, 59),
(470, 'BOMBA LAVA PARABRISAS', 25, 'RENAULT', '19/CLIO/MEGANE/SCENIC/KANGOO/TRA', 'CLB-3106', 'www.renault.com.ar/', 9, 47.9),
(469, 'BOMBA LAVA PARABRISAS', 25, 'RENAULT', 'MEGANE/CLIO/KANGOO/LAGUNA/L', 'CLB-3105', 'www.renault.com.ar/', 9, 158.9),
(467, 'BOMBA LAVA PARABRISAS', 25, 'GENERICO', 'MOD.CLB-3', 'CLB-3101', '', 8, 621.9),
(468, 'BOMBA LAVA PARABRISAS', 25, 'RENAULT', '19/11/21', 'CLB-3105', 'www.renault.com.ar/', 9, 251.2),
(466, 'BOMBA LAVA PARABRISAS', 25, 'GENERICO', 'MOD.CLB-3', 'CLB-3101', '', 7, 311.3),
(465, 'BOMBA LAVA PARABRISAS', 25, 'VOLKSWAGEN', 'MOD.3361', 'CLB-3361', 'www.volkswagen.com.ar/', 14, 531.8),
(464, 'BOMBA LAVA PARABRISAS', 25, 'UNIVERSAL', 'MOD.309M', 'CLB-309M', '', 11, 321.4),
(463, 'BOMBA LAVA PARABRISAS', 25, 'UNIVERSAL', 'MOD.209 S', 'CLB-209S', '', 9, 161.8),
(460, 'BOMBA LAVA PARABRISAS', 25, 'FORD', 'MOD.3381', 'CLB-3381', 'www.ford.com.ar/rep/', 7, 411.7),
(461, 'BOMBA LAVA PARABRISAS', 25, 'PEUGEOT', 'MOD.3344', 'CLB-3344', 'www.peugeot.com.ar/', 8, 110),
(462, 'BOMBA LAVA PARABRISAS', 25, 'TOYOTA', 'MOD.3322', 'CLB-3322', '', 9, 321.3),
(458, 'MONTANTE CAJA VELOCIDAD', 25, 'HILUX', '05/4X', '8071/04', '', 6, 389.9),
(459, 'POLEA DE CIGUENEAL', 25, 'FORD', 'ESCORT 1.8 DIESEL 104', '2004/07', 'www.ford.com.ar/rep/', 7, 831.2),
(457, 'POLEA DE CIGUENAL', 25, 'PEUGEOT', '206/PARTNER/BERLINGO DIESEL', '6001/18', 'www.peugeot.com.ar/', 6, 641.2),
(456, 'BOBINA DE ENCENDIDO', 25, 'VOLKSWAGEN', 'GOLF/PASSAT/BORA 1.8 T.105', '5540/01', '', 6, 331.1),
(455, 'MANGUERA FILTRO DE AIRE', 25, 'CHEVROLET', 'AGILE 1.4  09/10/105', '3348/18', 'www.chevrolet.com.ar/', 4, 731.9),
(454, 'ARBOL DE LEVAS (F)', 25, 'CHEVROLET', 'CORSA/MERIVA 1.8', 'F3022/11', 'www.chevrolet.com.ar/', 4, 631.1),
(453, 'ARBOL DE LEVAS (B)', 25, 'CHEVROLET', 'CORSA 1.6', 'F3022/10', 'www.chevrolet.com.ar/', 25, 741),
(451, 'SOPORTE ARBOL LEVAS', 25, 'FIAT', 'PALIO/SIENA/PUNTO/IDEA 1.8 8 V', 'KL4030/04', '', 5, 984),
(452, 'TUBO COLUMNA DIRECCION ARMADO', 25, 'FORD', 'F-100 74/78 24452117/44', 'F2537/14', 'www.ford.com.ar/rep/', 5, 604.3),
(512, 'GUANTES LATEX XL', 20, 'todas', 'otra', '123-AA', 'www.fiat.com.arrrrr', 4, 240.3),
(450, 'SOPORTE ARBOL DE LEVAS', 25, 'CHEVROLET', 'CORSA/MERIVA/FUN/AGILE', 'KL3023/09', 'www.chevrolet.com.ar/', 4, 111),
(449, 'POLEA DE CIGUENAL', 25, 'HILUX', '2.5/3.0 1KD/2K', 'KL8004/03', 'www.hilux.com.ar/', 3, 421),
(448, 'TUBO COLUMNA DIRECCION ARMADO', 25, 'FORD', 'F-100 66/73', 'KL2537/13', 'www.ford.com.ar/rep/', 5, 521),
(446, 'POLEA BOMBA AGUA', 25, 'VOLKSWAGEN', 'POINTER 1.8/2.0', '5046/10', 'www.volkswagen.com.ar/', 2, 664),
(447, 'TUBO COLUMNA DIRECCION ARMADO', 25, 'FORD', 'F-100 79/81', 'KL2537/15', 'www.ford.com.ar/rep/', 3, 812),
(438, 'PALANCA DE LUCES', 24, 'CHEVROLET', 'S-10/BLAZER/SILVERADO 97/278', 'M3440/60', 'www.chevrolet.com.ar/', 5, 89.2),
(439, 'PALANCA DE LUCES S/CONTROL DE CRUCERO', 24, 'CHEVROLET', 'S-10/BLAZER 01/278', 'M3440/62', 'www.chevrolet.com.ar/', 6, 261),
(444, 'ANTECUERPO BOMBA AGUA', 25, 'MERCEDES BENZ', 'SPRINTER MAXION', '7130/12', '', 3, 771),
(445, 'POLEA BOMBA AGUA', 25, 'FORD', 'ESCORT/ORION 94/96 1.8/2.0', '2117/20', 'www.ford.com.ar/rep/', 5, 21.3),
(443, 'ANTECUERPO BOMBA AGUA', 25, 'CHEVROLET', 'S-10/BLAZER MAXION', 'M3050/12', 'www.chevrolet.com.ar/', 5, 651.2),
(442, 'ANTECUERPO BOMBA AGUA', 24, 'FORD', 'F-100/RANGER 96/ MAXION', 'M2100/12', 'www.ford.com.ar/rep/', 4, 605),
(441, 'POLEA DE CIGUENAL', 24, 'NISSAN', 'FRONTIER 2.0', 'M9009/16', '', 3, 719.2),
(437, 'MAZA RUEDA DELANTERA CON RULEMAN', 24, 'CHEVROLET', 'S-10/BLAZER/99 4X4 S/ABS', 'M3326/10', 'www.chevrolet.com.ar/', 2, 730.1),
(440, 'TUBO COLUMNA DIRECCION ARMADO', 24, 'FORD', 'F-100 81/8', 'M2537/16', 'www.ford.com.ar/rep/', 4, 221.1),
(436, 'BOMBA DE ACEITE', 24, 'VOLKSWAGEN', 'AMAROK 2.0 TDI/BITDI', 'M5030/69', 'www.volkswagen.com.ar/', 7, 1100.1),
(435, 'POLEA VISCOSA', 24, 'ISUZU', '2.5 DIESEL', 'M3048/38', '', 4, 321.44),
(434, 'KIT ARBOL LEVAS (H)Y 8 BAL', 0, '23', 'VECTRA/ASTRA/ZAFIRA 1.8/2.0', '3023/16', 'www.chevrolet.com.ar/', 2, 1321.33),
(432, 'PALANCA FRENO DE MANO 8200021934', 23, 'PEUGEOT', 'MASTER', '1792/07', 'www.peugeot.com.ar/', 8, 2143.22),
(433, 'KIT 16 SOPORTES DE CABINA (CAB.DOBLE)', 23, 'HILUX', '', '8078/51', 'www.hilux.com.ar/', 4, 4311.11),
(390, 'SENSOR DE ABS', 390, 'Fiat', '306', 'SEN-506', 'www.peugeot.com.ar', 60, 403.11),
(391, 'SENSOR DE ABS', 18, 'Peugeot', '306', 'SEN-506', 'www.peugeot.com.ar', 20, 871.11),
(392, 'SENSOR DE ABS', 18, 'Peugeot', '306', 'SEN-506', 'www.peugeot.com.ar', 40, 531.9),
(393, 'CADENA DE DISTRIBUCION', 18, 'FORD', 'FALCON/F-100 7 BAN', 'WYK34/14', 'www.ford.com.ar/rep/', 23, 5411.8),
(394, 'TENSOR POLI V ALTER.PLASTICO RUL.SKF', 18, 'FORD', 'ESCORT/FIESTA/KA/FOCUS', 'WYK34/29', 'www.ford.com.ar/rep/', 26, 145.1),
(395, 'ENGRANAJE ARBOL LEVAS/EJE', 0, '18', 'GALAXY/ESCORT/ORION 1.8/2.0', 'WYK34/60', 'www.ford.com.ar/rep/', 4, 112.1),
(396, 'ENGRANAJE ARBOL DE LEVAS', 0, '18', 'ESCORT/FIESTA/MOND/COURIER 1.8DSEL', 'WYK34/61', 'www.ford.com.ar/rep/', 10, 921.99),
(397, 'ENGRANAJE DE CIGUENEAL B/INYEC', 18, 'FORD', 'ESCORT/FIESTA/MOND/COUR.1.8DS', 'WYK34/68', 'www.ford.com.ar/rep/', 16, 381.93),
(398, 'ENGRANAJE BOMBA INYECTORA', 0, '18', 'ESCORT/FIESTA/MOND/COURIER DSL.1.8', 'WYK34/69', 'www.ford.com.ar/rep/', 22, 451.98),
(399, 'ENGRANAJE ARBOL DE LEVAS ADM', 0, '18', 'ESCORT/FOCUS/MONDEO ZETEC 1', 'WYK34/71', 'www.ford.com.ar/rep/', 40, 751.77),
(400, 'ENGRANAJE ARBOL DE LEVAS ESC', 0, '18', 'ESCORT/FOCUS/MONDEO ZETEC 1', 'WYK34/72', 'www.ford.com.ar/rep/', 15, 981.1),
(401, 'TENSOR POLI V RUL.SKF VKM 33060', 18, 'FORD', 'FIESTA/ECOSPORT 1.4 TDCI', 'WYK34/82', 'www.ford.com.ar/rep/', 8, 290.1),
(402, 'POLEA TENSOR POLI V VKM 33043', 18, 'FORD', 'FIESTA/ECOSPORT 1.4/1.6 TDCI', 'WYK34/83', 'www.ford.com.ar/rep/', 7, 1341.5),
(403, 'TENSOR POLI V ALTER./A.ACOND.METAL', 18, 'FORD', 'ESCORT/FIESTA/KA/COUR', 'LL2022', 'www.ford.com.ar/rep/', 9, 971.6),
(404, 'TENSOR POLI V ALTER./A.ACOND.RUL.NSK', 18, 'FORD', 'ESCORT/FIESTA/KA/COUR', 'LL2022', 'www.ford.com.ar/rep/', 27, 986),
(405, 'POLEA TENSOR ALTERNADOR T/LITENS', 0, '18', 'F-100/150/RANGER', 'LL2022/14', 'www.ford.com.ar/rep/', 32, 1251.2),
(406, 'POLEA TENSOR ALTER.POLI V PLAST.RUL.SKF', 19, 'FORD', 'FOCUS 07/1.8 TDC', 'LL2022/15', 'www.ford.com.ar/rep/', 18, 986.3),
(407, 'POLEA TENSOR POLI V RUL.SKF', 0, '19', 'MONDEO ZETEC16 V./FOCUS 1.8 TD', 'LL2022/18', 'www.ford.com.ar/rep/', 11, 920.1),
(408, 'POLEA TENSOR ALTER.CORREA V RUL.SKF', 19, 'FORD', 'F-100/150 MWM 2.8 T.D', 'LL2022/19', 'www.ford.com.ar/rep/', 7, 441),
(409, 'TENSOR AUTOMATICO POLI V', 0, '19', 'F-100 99/MWM SPRINT', 'LL2022/20', 'www.ford.com.ar/rep/', 21, 901),
(410, 'POLEA TENSOR AUTOMATICO', 0, '19', 'RANGER POWER STROKE 3.0 TD', 'LL2022/23', 'www.ford.com.ar/rep/', 4, 841.4),
(411, 'POLEA TENSOR ALTERNADOR', 0, '19', 'F-100/RANGER 2.5/2.8', 'LL2022/26', 'www.ford.com.ar/rep/', 5, 736.6),
(412, 'VALVULA DE GASES', 0, '19', 'F-100 96/RANGER 2.5/2.8 MAXION', 'LL2037/83', 'www.ford.com.ar/rep/', 5, 1561.4),
(413, 'TAPON DE CARTER 14-1.5 EXAG', 19, 'FORD', 'TAUNUS/SIERRA/FALCON/F-100', 'LL2038/01', 'www.ford.com.ar/rep/', 6, 7621),
(414, 'TAPON DE CARTER EXAG.C/ALA', 20, 'FORD', 'ESCORT/FIESTA/KA/FOCUS/ECOSPORT', 'JU2038/08', 'www.ford.com.ar/rep/', 8, 651),
(415, 'ARANDELA TAPON CARTER ALUMINIO', 20, 'FORD', 'ESCORT 97/ /FIESTA/KA/MONDEO', 'JU2038/18', 'www.ford.com.ar/rep/', 9, 24.1),
(416, 'CONECTOR RADIADOR FILTRO ACEITE', 20, 'FORD', 'GALAXY/ESCORT/ORION', 'JU2042/08', 'www.ford.com.ar/rep/', 9, 1451.22),
(417, 'TUERCA CONECTOR RADIADOR FILTRO ACEITE', 21, 'FORD', 'GALAXY/ESCORT/ORION', 'JU2042/11', 'www.ford.com.ar/rep/', 11, 321.09),
(418, 'KIT JUNTAS SOPORTE RAD.ACEITE', 0, '21', 'FIESTA/ECOSPORT 1.4/1.6 TDCI', 'JU2042/13', 'www.ford.com.ar/rep/', 18, 4321.22),
(419, 'KIT ARBOL DE LEVAS (F)Y 8 BALANCINES', 21, 'CHEVROLET', 'CORSA/MERIVA 1.8', 'JU3023/11', 'www.chevrolet.com.ar/', 22, 4561.99),
(420, 'KIT ARBOL DE LEVAS Y 8 BALANCINES', 21, 'CHEVROLET', 'CORSA/SUZUKI FUN 1.0', 'JU3023/12', 'www.chevrolet.com.ar/', 3, 614.44),
(431, 'PALANCA DE LUCES C/CONTROL DE CRUCERO', 23, 'CHEVROLET', 'S-10/BLAZER 01', '3440/63', 'www.chevrolet.com.ar/', 7, 870.11),
(430, 'BOMBA DE COMBUSTIBLE CON FLOTANTE', 23, 'VOLKSWAGEN', 'GOLF/BORA/A3 1.9 TDI', '5354/06', 'www.volkswagen.com.ar/', 4, 871.4),
(428, 'SALIDA DE CAJA 10EST.38MM.C/CLARK', 23, 'HONDA', 'D-20 93', '3330/57', 'www.honda.com.ar/', 7, 1451.3),
(429, 'POLEA VISCOSA', 23, 'FORD', 'F-100/150 95/4.9 NAFTA', '2117/36', 'www.ford.com.ar/rep/', 4, 110.1),
(426, 'SALIDA DE CAJA 10 EST.38MM.CAJA EATON', 22, 'FORD', 'F-4000', '2511/62', 'www.ford.com.ar/rep/', 3, 446.4),
(427, 'SALIDA DE PINON 34 EST.45MM. EATON', 22, 'FORD', 'F-7000', '2511/80', 'www.ford.com.ar/rep/', 6, 971.56),
(424, 'CARTER DE ACEITE', 22, 'RENAULT', 'CLIO/MEGANE/LOGAN/SANDERO/KANGOO', '1117/44', 'www.renault.com.ar/', 5, 981.56),
(425, 'MAZA RUEDA DEL CON RULEMAN Y CABLE', 22, 'CHEVROLET', 'S-10/BLAZER', '3326/12', 'www.chevrolet.com.ar/', 6, 671.45),
(422, 'MAZA RUEDA DELANTERA CON RULEMAN', 22, 'CHEVROLET', 'S-10/BLAZER', 'JU3326/11', 'www.chevrolet.com.ar/', 2, 891.9),
(423, 'VOLANTE MOTOR C/CORONA 125 DTES', 22, 'VOLKSWAGEN', 'GOL TREND/FOX/SURAN/VOYAG', 'JU5025/41', 'www.volkswagen.com.ar/', 4, 451.56),
(421, 'KIT ARBOL LEVAS(F) Y 8 BALANC', 0, '21', 'PALIO/SIENA/PUNTO/IDEA 1.8 8', 'JU4030/03', 'www.fiat.com.ar/', 5, 671.78),
(389, 'SENSOR DE RPM MOD', 18, 'Peugeot', '306', 'SEN-223', 'www.peugeot.com.ar', 80, 36.54),
(387, 'SENSOR DE RPM MOD', 387, 'Citroen', 'C4', 'SEN-22333', 'www.citroen.com.ar', 145, 76.21),
(513, 'LAMPARA 1034 12 LEDS', 33, 'GENERICO', '', 'LED-1034', '', 22, 18.9),
(564, 'jjj', 19, 'jj', 'jj', 'jj', 'jj', 66, 66),
(565, 'e', 18, 'dsfds', 'dd', 'SEN-22333333', 'www.fiat.com.arrrrr', 10, 109.99);

-- --------------------------------------------------------

--
-- Estructura de tabla para la tabla `tblrep`
--

CREATE TABLE IF NOT EXISTS `tblrep` (
  `id` int(11) NOT NULL,
  `numpre` varchar(10) NOT NULL,
  `art` int(4) NOT NULL,
  `descripcion` varchar(200) CHARACTER SET utf8 COLLATE utf8_spanish2_ci NOT NULL,
  `cant` int(4) NOT NULL,
  `numcli` int(3) NOT NULL,
  `precio` float NOT NULL
) ENGINE=MyISAM DEFAULT CHARSET=latin1;

-- --------------------------------------------------------

--
-- Estructura de tabla para la tabla `vehi`
--

CREATE TABLE IF NOT EXISTS `vehi` (
  `dom` varchar(20) NOT NULL,
  `cliente` int(4) NOT NULL,
  `marca` varchar(10) CHARACTER SET utf8 COLLATE utf8_spanish2_ci NOT NULL,
  `modelo` varchar(45) CHARACTER SET utf8 COLLATE utf8_spanish2_ci NOT NULL,
  `color` varchar(20) CHARACTER SET utf8 COLLATE utf8_spanish2_ci NOT NULL,
  `ano` int(4) NOT NULL,
  `estado` int(1) NOT NULL
) ENGINE=MyISAM DEFAULT CHARSET=latin1;

--
-- Volcado de datos para la tabla `vehi`
--

INSERT INTO `vehi` (`dom`, `cliente`, `marca`, `modelo`, `color`, `ano`, `estado`) VALUES
('KTT-290', 190, 'MERCEDES B', 'Sprinter Mercedes Benz 415 Cdi', 'Blanco', 2009, 4),
('LYY-010', 191, 'TOYOTA', 'Corolla Xei 1.8 Manual', 'Negro', 2013, 2),
('LWO-891', 202, 'VOLKSWAGEN', 'Gol Trend 1.6 5ptas. Pack Ii', 'Blanco', 2010, 3),
('OPQ-271', 201, 'PEUGEOT', '306 Equinoxe Nafta 4ptas', 'Blanco', 1999, 4),
('OUH-232', 200, 'HYUNDAI', 'I30 2.0 At Gls', 'Rojo', 22, 5),
('EZR-930', 198, 'MAZDA', 'Mazda 626 Glx 2.0 At Full 4ptas', 'Blanco', 2001, 3),
('ERT-361', 197, 'VOLKSWAGEN', 'Bora Trendline 1.9 Tdi', 'Negro', 2007, 5),
('KUL-541', 196, 'BMW', 'Serie 1 130i M Sport Package (258cv) 5ptas.', 'Gris', 2008, 1),
('HTM-037', 195, 'ALFA ROMEO', 'Alfa Romeo Mito 1.4 Tbi Quadrifoglio 6ta', 'Rojo', 2014, 3),
('NRQ-000', 194, 'LAND ROVER', 'Freelander 2 Hse 2.2', 'Gris', 2014, 3),
('JHE-220', 193, 'FORD', 'Ford Focus Iii Se 2.0l Duratec', 'Blanco', 2014, 1),
('KTH-241', 192, 'HONDA', 'Fit 1.5 Ex Mt Ivtec (l09)', 'Blanco', 2005, 6),
('HYQ-071', 174, 'CITROEN', 'Aircross 1.6 Feel (115cv) (l16)', 'Blanco', 2007, 6),
('IZT-281', 173, 'PEUGEOT', '207 Compact 207 Xt Premiun 1,6', 'Blanco', 2013, 1),
('RTQ-563', 155, 'PEUGEOT', '397', 'NEGRO', 2010, 1),
('OSP-390', 172, 'VOLKSWAGEN', 'Bora Trendline 1.9 Tdi', 'Negro', 2007, 5),
('JHG-990', 169, 'CHERY', 'Chery QQ 1.1 N Confort', 'Gris', 2013, 2),
('CSO-022', 215, 'CITROEN', 'Berlingo HDI', 'Gris', 2004, 2),
('EER-191', 167, 'CITROEN', 'Seat Leon 2.0 Fr Tfsi Mt', 'Blanco', 2012, 5),
('PSP-740', 159, 'SEAT', 'Seat Leon 2.0 Fr Tfsi Mt (200cv)', 'Negro', 2015, 6),
('HPT-559', 166, 'ALFA ROMEO', 'Alfa Romeo 145 2.0 Quadrifoglio Full', 'Rojo', 2001, 2),
('OTU-040', 165, 'HYUNDAI', 'I30 2.0 At Gls', 'Gris', 2010, 2),
('LTL-006', 164, 'MITSUBISHI', 'L200', 'Negro', 2007, 1),
('GRQ-985', 163, 'MAZDA', 'Serie B', 'Rojo', 2013, 5),
('NNW-251', 162, 'LAND ROVER', 'Evoque 2.0t', 'Blanco', 2007, 1),
('MNO-401', 161, 'FORD', 'Fiesta MAX Edge Plus', 'Rojo', 2013, 2),
('LOS-461', 160, 'TOYOTA', 'Toyota Hilux 3.0 Tdi', 'Blanco', 2007, 2),
('KKL-923', 149, 'HONDA', 'CIVIC 1.8 LXS', 'Negro', 2010, 1),
('IFG-856', 155, 'BMW', 'Serie 3 323ti Compact', 'Gris', 2008, 5),
('KYR-190', 202, 'MERCEDES B', ' Clase C250 Blueefficiency', 'Blanco', 2012, 6),
('PPR-123', 153, 'CHERY', 'Tiggo 2.0 N Luxury', 'Gris', 2010, 4),
('OPR-531', 152, 'RENAULT', 'Sandero Stepway Privilege', 'Negro', 2009, 3),
('GZZ-292', 168, 'PEUGEOT', '307 HDI XS Premium', 'Gris', 2008, 1),
('LHG-661', 203, 'MITSUBISHI', 'Lancer 1.6 Glxi Mt', 'Blanco', 2005, 3),
('LWI-371', 204, 'VOLKSWAGEN', 'FOX 1.6 Comfortline 5ptas', 'Azul', 2008, 3),
('EKJ-571', 205, 'CITROEN', 'C4 5ptas.- 2.0i 16v Exclusive', 'Bordo', 2007, 6),
('OWO-821', 206, 'SUBARU', 'Impreza 2.0 MT', 'Azul', 2002, 5),
('GOP-231', 207, 'AUDI', 'A3 Sportback Tdi', 'Negro', 2012, 3),
('DQQ-851', 208, 'SUZUKI', 'Fun 1.0 MTA', 'Rojo', 2004, 6),
('HHQ-381', 209, 'PEUGEOT', '206 5ptas. 1.6 Xt Premium Tiptronic', 'Rojo', 2005, 5),
('GTG-443', 171, 'FIAT', 'Palio 1.6 TTD', 'NEGRO', 2002, 1);
--
-- Base de datos: `information_schema`
--
CREATE DATABASE `information_schema` DEFAULT CHARACTER SET utf8 COLLATE utf8_general_ci;
USE `information_schema`;

-- --------------------------------------------------------

--
-- Estructura de tabla para la tabla `CHARACTER_SETS`
--

CREATE TEMPORARY TABLE `CHARACTER_SETS` (
  `CHARACTER_SET_NAME` varchar(32) NOT NULL DEFAULT '',
  `DEFAULT_COLLATE_NAME` varchar(32) NOT NULL DEFAULT '',
  `DESCRIPTION` varchar(60) NOT NULL DEFAULT '',
  `MAXLEN` bigint(3) NOT NULL DEFAULT '0'
) ENGINE=MEMORY DEFAULT CHARSET=utf8;

--
-- Volcado de datos para la tabla `CHARACTER_SETS`
--

INSERT INTO `CHARACTER_SETS` (`CHARACTER_SET_NAME`, `DEFAULT_COLLATE_NAME`, `DESCRIPTION`, `MAXLEN`) VALUES
('big5', 'big5_chinese_ci', 'Big5 Traditional Chinese', 2),
('dec8', 'dec8_swedish_ci', 'DEC West European', 1),
('cp850', 'cp850_general_ci', 'DOS West European', 1),
('hp8', 'hp8_english_ci', 'HP West European', 1),
('koi8r', 'koi8r_general_ci', 'KOI8-R Relcom Russian', 1),
('latin1', 'latin1_swedish_ci', 'cp1252 West European', 1),
('latin2', 'latin2_general_ci', 'ISO 8859-2 Central European', 1),
('swe7', 'swe7_swedish_ci', '7bit Swedish', 1),
('ascii', 'ascii_general_ci', 'US ASCII', 1),
('ujis', 'ujis_japanese_ci', 'EUC-JP Japanese', 3),
('sjis', 'sjis_japanese_ci', 'Shift-JIS Japanese', 2),
('hebrew', 'hebrew_general_ci', 'ISO 8859-8 Hebrew', 1),
('tis620', 'tis620_thai_ci', 'TIS620 Thai', 1),
('euckr', 'euckr_korean_ci', 'EUC-KR Korean', 2),
('koi8u', 'koi8u_general_ci', 'KOI8-U Ukrainian', 1),
('gb2312', 'gb2312_chinese_ci', 'GB2312 Simplified Chinese', 2),
('greek', 'greek_general_ci', 'ISO 8859-7 Greek', 1),
('cp1250', 'cp1250_general_ci', 'Windows Central European', 1),
('gbk', 'gbk_chinese_ci', 'GBK Simplified Chinese', 2),
('latin5', 'latin5_turkish_ci', 'ISO 8859-9 Turkish', 1),
('armscii8', 'armscii8_general_ci', 'ARMSCII-8 Armenian', 1),
('utf8', 'utf8_general_ci', 'UTF-8 Unicode', 3),
('ucs2', 'ucs2_general_ci', 'UCS-2 Unicode', 2),
('cp866', 'cp866_general_ci', 'DOS Russian', 1),
('keybcs2', 'keybcs2_general_ci', 'DOS Kamenicky Czech-Slovak', 1),
('macce', 'macce_general_ci', 'Mac Central European', 1),
('macroman', 'macroman_general_ci', 'Mac West European', 1),
('cp852', 'cp852_general_ci', 'DOS Central European', 1),
('latin7', 'latin7_general_ci', 'ISO 8859-13 Baltic', 1),
('cp1251', 'cp1251_general_ci', 'Windows Cyrillic', 1),
('cp1256', 'cp1256_general_ci', 'Windows Arabic', 1),
('cp1257', 'cp1257_general_ci', 'Windows Baltic', 1),
('binary', 'binary', 'Binary pseudo charset', 1),
('geostd8', 'geostd8_general_ci', 'GEOSTD8 Georgian', 1),
('cp932', 'cp932_japanese_ci', 'SJIS for Windows Japanese', 2),
('eucjpms', 'eucjpms_japanese_ci', 'UJIS for Windows Japanese', 3);

-- --------------------------------------------------------

--
-- Estructura de tabla para la tabla `COLLATIONS`
--

CREATE TEMPORARY TABLE `COLLATIONS` (
  `COLLATION_NAME` varchar(32) NOT NULL DEFAULT '',
  `CHARACTER_SET_NAME` varchar(32) NOT NULL DEFAULT '',
  `ID` bigint(11) NOT NULL DEFAULT '0',
  `IS_DEFAULT` varchar(3) NOT NULL DEFAULT '',
  `IS_COMPILED` varchar(3) NOT NULL DEFAULT '',
  `SORTLEN` bigint(3) NOT NULL DEFAULT '0'
) ENGINE=MEMORY DEFAULT CHARSET=utf8;

--
-- Volcado de datos para la tabla `COLLATIONS`
--

INSERT INTO `COLLATIONS` (`COLLATION_NAME`, `CHARACTER_SET_NAME`, `ID`, `IS_DEFAULT`, `IS_COMPILED`, `SORTLEN`) VALUES
('big5_chinese_ci', 'big5', 1, 'Yes', 'Yes', 1),
('big5_bin', 'big5', 84, '', 'Yes', 1),
('dec8_swedish_ci', 'dec8', 3, 'Yes', 'Yes', 1),
('dec8_bin', 'dec8', 69, '', 'Yes', 1),
('cp850_general_ci', 'cp850', 4, 'Yes', 'Yes', 1),
('cp850_bin', 'cp850', 80, '', 'Yes', 1),
('hp8_english_ci', 'hp8', 6, 'Yes', 'Yes', 1),
('hp8_bin', 'hp8', 72, '', 'Yes', 1),
('koi8r_general_ci', 'koi8r', 7, 'Yes', 'Yes', 1),
('koi8r_bin', 'koi8r', 74, '', 'Yes', 1),
('latin1_german1_ci', 'latin1', 5, '', 'Yes', 1),
('latin1_swedish_ci', 'latin1', 8, 'Yes', 'Yes', 1),
('latin1_danish_ci', 'latin1', 15, '', 'Yes', 1),
('latin1_german2_ci', 'latin1', 31, '', 'Yes', 2),
('latin1_bin', 'latin1', 47, '', 'Yes', 1),
('latin1_general_ci', 'latin1', 48, '', 'Yes', 1),
('latin1_general_cs', 'latin1', 49, '', 'Yes', 1),
('latin1_spanish_ci', 'latin1', 94, '', 'Yes', 1),
('latin2_czech_cs', 'latin2', 2, '', 'Yes', 4),
('latin2_general_ci', 'latin2', 9, 'Yes', 'Yes', 1),
('latin2_hungarian_ci', 'latin2', 21, '', 'Yes', 1),
('latin2_croatian_ci', 'latin2', 27, '', 'Yes', 1),
('latin2_bin', 'latin2', 77, '', 'Yes', 1),
('swe7_swedish_ci', 'swe7', 10, 'Yes', 'Yes', 1),
('swe7_bin', 'swe7', 82, '', 'Yes', 1),
('ascii_general_ci', 'ascii', 11, 'Yes', 'Yes', 1),
('ascii_bin', 'ascii', 65, '', 'Yes', 1),
('ujis_japanese_ci', 'ujis', 12, 'Yes', 'Yes', 1),
('ujis_bin', 'ujis', 91, '', 'Yes', 1),
('sjis_japanese_ci', 'sjis', 13, 'Yes', 'Yes', 1),
('sjis_bin', 'sjis', 88, '', 'Yes', 1),
('hebrew_general_ci', 'hebrew', 16, 'Yes', 'Yes', 1),
('hebrew_bin', 'hebrew', 71, '', 'Yes', 1),
('tis620_thai_ci', 'tis620', 18, 'Yes', 'Yes', 4),
('tis620_bin', 'tis620', 89, '', 'Yes', 1),
('euckr_korean_ci', 'euckr', 19, 'Yes', 'Yes', 1),
('euckr_bin', 'euckr', 85, '', 'Yes', 1),
('koi8u_general_ci', 'koi8u', 22, 'Yes', 'Yes', 1),
('koi8u_bin', 'koi8u', 75, '', 'Yes', 1),
('gb2312_chinese_ci', 'gb2312', 24, 'Yes', 'Yes', 1),
('gb2312_bin', 'gb2312', 86, '', 'Yes', 1),
('greek_general_ci', 'greek', 25, 'Yes', 'Yes', 1),
('greek_bin', 'greek', 70, '', 'Yes', 1),
('cp1250_general_ci', 'cp1250', 26, 'Yes', 'Yes', 1),
('cp1250_czech_cs', 'cp1250', 34, '', 'Yes', 2),
('cp1250_croatian_ci', 'cp1250', 44, '', 'Yes', 1),
('cp1250_bin', 'cp1250', 66, '', 'Yes', 1),
('cp1250_polish_ci', 'cp1250', 99, '', 'Yes', 1),
('gbk_chinese_ci', 'gbk', 28, 'Yes', 'Yes', 1),
('gbk_bin', 'gbk', 87, '', 'Yes', 1),
('latin5_turkish_ci', 'latin5', 30, 'Yes', 'Yes', 1),
('latin5_bin', 'latin5', 78, '', 'Yes', 1),
('armscii8_general_ci', 'armscii8', 32, 'Yes', 'Yes', 1),
('armscii8_bin', 'armscii8', 64, '', 'Yes', 1),
('utf8_general_ci', 'utf8', 33, 'Yes', 'Yes', 1),
('utf8_bin', 'utf8', 83, '', 'Yes', 1),
('utf8_unicode_ci', 'utf8', 192, '', 'Yes', 8),
('utf8_icelandic_ci', 'utf8', 193, '', 'Yes', 8),
('utf8_latvian_ci', 'utf8', 194, '', 'Yes', 8),
('utf8_romanian_ci', 'utf8', 195, '', 'Yes', 8),
('utf8_slovenian_ci', 'utf8', 196, '', 'Yes', 8),
('utf8_polish_ci', 'utf8', 197, '', 'Yes', 8),
('utf8_estonian_ci', 'utf8', 198, '', 'Yes', 8),
('utf8_spanish_ci', 'utf8', 199, '', 'Yes', 8),
('utf8_swedish_ci', 'utf8', 200, '', 'Yes', 8),
('utf8_turkish_ci', 'utf8', 201, '', 'Yes', 8),
('utf8_czech_ci', 'utf8', 202, '', 'Yes', 8),
('utf8_danish_ci', 'utf8', 203, '', 'Yes', 8),
('utf8_lithuanian_ci', 'utf8', 204, '', 'Yes', 8),
('utf8_slovak_ci', 'utf8', 205, '', 'Yes', 8),
('utf8_spanish2_ci', 'utf8', 206, '', 'Yes', 8),
('utf8_roman_ci', 'utf8', 207, '', 'Yes', 8),
('utf8_persian_ci', 'utf8', 208, '', 'Yes', 8),
('utf8_esperanto_ci', 'utf8', 209, '', 'Yes', 8),
('utf8_hungarian_ci', 'utf8', 210, '', 'Yes', 8),
('utf8_general_mysql500_ci', 'utf8', 223, '', 'Yes', 1),
('ucs2_general_ci', 'ucs2', 35, 'Yes', 'Yes', 1),
('ucs2_bin', 'ucs2', 90, '', 'Yes', 1),
('ucs2_unicode_ci', 'ucs2', 128, '', 'Yes', 8),
('ucs2_icelandic_ci', 'ucs2', 129, '', 'Yes', 8),
('ucs2_latvian_ci', 'ucs2', 130, '', 'Yes', 8),
('ucs2_romanian_ci', 'ucs2', 131, '', 'Yes', 8),
('ucs2_slovenian_ci', 'ucs2', 132, '', 'Yes', 8),
('ucs2_polish_ci', 'ucs2', 133, '', 'Yes', 8),
('ucs2_estonian_ci', 'ucs2', 134, '', 'Yes', 8),
('ucs2_spanish_ci', 'ucs2', 135, '', 'Yes', 8),
('ucs2_swedish_ci', 'ucs2', 136, '', 'Yes', 8),
('ucs2_turkish_ci', 'ucs2', 137, '', 'Yes', 8),
('ucs2_czech_ci', 'ucs2', 138, '', 'Yes', 8),
('ucs2_danish_ci', 'ucs2', 139, '', 'Yes', 8),
('ucs2_lithuanian_ci', 'ucs2', 140, '', 'Yes', 8),
('ucs2_slovak_ci', 'ucs2', 141, '', 'Yes', 8),
('ucs2_spanish2_ci', 'ucs2', 142, '', 'Yes', 8),
('ucs2_roman_ci', 'ucs2', 143, '', 'Yes', 8),
('ucs2_persian_ci', 'ucs2', 144, '', 'Yes', 8),
('ucs2_esperanto_ci', 'ucs2', 145, '', 'Yes', 8),
('ucs2_hungarian_ci', 'ucs2', 146, '', 'Yes', 8),
('ucs2_general_mysql500_ci', 'ucs2', 159, '', 'Yes', 1),
('cp866_general_ci', 'cp866', 36, 'Yes', 'Yes', 1),
('cp866_bin', 'cp866', 68, '', 'Yes', 1),
('keybcs2_general_ci', 'keybcs2', 37, 'Yes', 'Yes', 1),
('keybcs2_bin', 'keybcs2', 73, '', 'Yes', 1),
('macce_general_ci', 'macce', 38, 'Yes', 'Yes', 1),
('macce_bin', 'macce', 43, '', 'Yes', 1),
('macroman_general_ci', 'macroman', 39, 'Yes', 'Yes', 1),
('macroman_bin', 'macroman', 53, '', 'Yes', 1),
('cp852_general_ci', 'cp852', 40, 'Yes', 'Yes', 1),
('cp852_bin', 'cp852', 81, '', 'Yes', 1),
('latin7_estonian_cs', 'latin7', 20, '', 'Yes', 1),
('latin7_general_ci', 'latin7', 41, 'Yes', 'Yes', 1),
('latin7_general_cs', 'latin7', 42, '', 'Yes', 1),
('latin7_bin', 'latin7', 79, '', 'Yes', 1),
('cp1251_bulgarian_ci', 'cp1251', 14, '', 'Yes', 1),
('cp1251_ukrainian_ci', 'cp1251', 23, '', 'Yes', 1),
('cp1251_bin', 'cp1251', 50, '', 'Yes', 1),
('cp1251_general_ci', 'cp1251', 51, 'Yes', 'Yes', 1),
('cp1251_general_cs', 'cp1251', 52, '', 'Yes', 1),
('cp1256_general_ci', 'cp1256', 57, 'Yes', 'Yes', 1),
('cp1256_bin', 'cp1256', 67, '', 'Yes', 1),
('cp1257_lithuanian_ci', 'cp1257', 29, '', 'Yes', 1),
('cp1257_bin', 'cp1257', 58, '', 'Yes', 1),
('cp1257_general_ci', 'cp1257', 59, 'Yes', 'Yes', 1),
('binary', 'binary', 63, 'Yes', 'Yes', 1),
('geostd8_general_ci', 'geostd8', 92, 'Yes', 'Yes', 1),
('geostd8_bin', 'geostd8', 93, '', 'Yes', 1),
('cp932_japanese_ci', 'cp932', 95, 'Yes', 'Yes', 1),
('cp932_bin', 'cp932', 96, '', 'Yes', 1),
('eucjpms_japanese_ci', 'eucjpms', 97, 'Yes', 'Yes', 1),
('eucjpms_bin', 'eucjpms', 98, '', 'Yes', 1);

-- --------------------------------------------------------

--
-- Estructura de tabla para la tabla `COLLATION_CHARACTER_SET_APPLICABILITY`
--

CREATE TEMPORARY TABLE `COLLATION_CHARACTER_SET_APPLICABILITY` (
  `COLLATION_NAME` varchar(32) NOT NULL DEFAULT '',
  `CHARACTER_SET_NAME` varchar(32) NOT NULL DEFAULT ''
) ENGINE=MEMORY DEFAULT CHARSET=utf8;

--
-- Volcado de datos para la tabla `COLLATION_CHARACTER_SET_APPLICABILITY`
--

INSERT INTO `COLLATION_CHARACTER_SET_APPLICABILITY` (`COLLATION_NAME`, `CHARACTER_SET_NAME`) VALUES
('big5_chinese_ci', 'big5'),
('big5_bin', 'big5'),
('dec8_swedish_ci', 'dec8'),
('dec8_bin', 'dec8'),
('cp850_general_ci', 'cp850'),
('cp850_bin', 'cp850'),
('hp8_english_ci', 'hp8'),
('hp8_bin', 'hp8'),
('koi8r_general_ci', 'koi8r'),
('koi8r_bin', 'koi8r'),
('latin1_german1_ci', 'latin1'),
('latin1_swedish_ci', 'latin1'),
('latin1_danish_ci', 'latin1'),
('latin1_german2_ci', 'latin1'),
('latin1_bin', 'latin1'),
('latin1_general_ci', 'latin1'),
('latin1_general_cs', 'latin1'),
('latin1_spanish_ci', 'latin1'),
('latin2_czech_cs', 'latin2'),
('latin2_general_ci', 'latin2'),
('latin2_hungarian_ci', 'latin2'),
('latin2_croatian_ci', 'latin2'),
('latin2_bin', 'latin2'),
('swe7_swedish_ci', 'swe7'),
('swe7_bin', 'swe7'),
('ascii_general_ci', 'ascii'),
('ascii_bin', 'ascii'),
('ujis_japanese_ci', 'ujis'),
('ujis_bin', 'ujis'),
('sjis_japanese_ci', 'sjis'),
('sjis_bin', 'sjis'),
('hebrew_general_ci', 'hebrew'),
('hebrew_bin', 'hebrew'),
('filename', 'filename'),
('tis620_thai_ci', 'tis620'),
('tis620_bin', 'tis620'),
('euckr_korean_ci', 'euckr'),
('euckr_bin', 'euckr'),
('koi8u_general_ci', 'koi8u'),
('koi8u_bin', 'koi8u'),
('gb2312_chinese_ci', 'gb2312'),
('gb2312_bin', 'gb2312'),
('greek_general_ci', 'greek'),
('greek_bin', 'greek'),
('cp1250_general_ci', 'cp1250'),
('cp1250_czech_cs', 'cp1250'),
('cp1250_croatian_ci', 'cp1250'),
('cp1250_bin', 'cp1250'),
('cp1250_polish_ci', 'cp1250'),
('gbk_chinese_ci', 'gbk'),
('gbk_bin', 'gbk'),
('latin5_turkish_ci', 'latin5'),
('latin5_bin', 'latin5'),
('armscii8_general_ci', 'armscii8'),
('armscii8_bin', 'armscii8'),
('utf8_general_ci', 'utf8'),
('utf8_bin', 'utf8'),
('utf8_unicode_ci', 'utf8'),
('utf8_icelandic_ci', 'utf8'),
('utf8_latvian_ci', 'utf8'),
('utf8_romanian_ci', 'utf8'),
('utf8_slovenian_ci', 'utf8'),
('utf8_polish_ci', 'utf8'),
('utf8_estonian_ci', 'utf8'),
('utf8_spanish_ci', 'utf8'),
('utf8_swedish_ci', 'utf8'),
('utf8_turkish_ci', 'utf8'),
('utf8_czech_ci', 'utf8'),
('utf8_danish_ci', 'utf8'),
('utf8_lithuanian_ci', 'utf8'),
('utf8_slovak_ci', 'utf8'),
('utf8_spanish2_ci', 'utf8'),
('utf8_roman_ci', 'utf8'),
('utf8_persian_ci', 'utf8'),
('utf8_esperanto_ci', 'utf8'),
('utf8_hungarian_ci', 'utf8'),
('utf8_general_mysql500_ci', 'utf8'),
('ucs2_general_ci', 'ucs2'),
('ucs2_bin', 'ucs2'),
('ucs2_unicode_ci', 'ucs2'),
('ucs2_icelandic_ci', 'ucs2'),
('ucs2_latvian_ci', 'ucs2'),
('ucs2_romanian_ci', 'ucs2'),
('ucs2_slovenian_ci', 'ucs2'),
('ucs2_polish_ci', 'ucs2'),
('ucs2_estonian_ci', 'ucs2'),
('ucs2_spanish_ci', 'ucs2'),
('ucs2_swedish_ci', 'ucs2'),
('ucs2_turkish_ci', 'ucs2'),
('ucs2_czech_ci', 'ucs2'),
('ucs2_danish_ci', 'ucs2'),
('ucs2_lithuanian_ci', 'ucs2'),
('ucs2_slovak_ci', 'ucs2'),
('ucs2_spanish2_ci', 'ucs2'),
('ucs2_roman_ci', 'ucs2'),
('ucs2_persian_ci', 'ucs2'),
('ucs2_esperanto_ci', 'ucs2'),
('ucs2_hungarian_ci', 'ucs2'),
('ucs2_general_mysql500_ci', 'ucs2'),
('cp866_general_ci', 'cp866'),
('cp866_bin', 'cp866'),
('keybcs2_general_ci', 'keybcs2'),
('keybcs2_bin', 'keybcs2'),
('macce_general_ci', 'macce'),
('macce_bin', 'macce'),
('macroman_general_ci', 'macroman'),
('macroman_bin', 'macroman'),
('cp852_general_ci', 'cp852'),
('cp852_bin', 'cp852'),
('latin7_estonian_cs', 'latin7'),
('latin7_general_ci', 'latin7'),
('latin7_general_cs', 'latin7'),
('latin7_bin', 'latin7'),
('cp1251_bulgarian_ci', 'cp1251'),
('cp1251_ukrainian_ci', 'cp1251'),
('cp1251_bin', 'cp1251'),
('cp1251_general_ci', 'cp1251'),
('cp1251_general_cs', 'cp1251'),
('cp1256_general_ci', 'cp1256'),
('cp1256_bin', 'cp1256'),
('cp1257_lithuanian_ci', 'cp1257'),
('cp1257_bin', 'cp1257'),
('cp1257_general_ci', 'cp1257'),
('binary', 'binary'),
('geostd8_general_ci', 'geostd8'),
('geostd8_bin', 'geostd8'),
('cp932_japanese_ci', 'cp932'),
('cp932_bin', 'cp932'),
('eucjpms_japanese_ci', 'eucjpms'),
('eucjpms_bin', 'eucjpms');

-- --------------------------------------------------------

--
-- Estructura de tabla para la tabla `COLUMNS`
--

CREATE TEMPORARY TABLE `COLUMNS` (
  `TABLE_CATALOG` varchar(512) DEFAULT NULL,
  `TABLE_SCHEMA` varchar(64) NOT NULL DEFAULT '',
  `TABLE_NAME` varchar(64) NOT NULL DEFAULT '',
  `COLUMN_NAME` varchar(64) NOT NULL DEFAULT '',
  `ORDINAL_POSITION` bigint(21) unsigned NOT NULL DEFAULT '0',
  `COLUMN_DEFAULT` longtext,
  `IS_NULLABLE` varchar(3) NOT NULL DEFAULT '',
  `DATA_TYPE` varchar(64) NOT NULL DEFAULT '',
  `CHARACTER_MAXIMUM_LENGTH` bigint(21) unsigned DEFAULT NULL,
  `CHARACTER_OCTET_LENGTH` bigint(21) unsigned DEFAULT NULL,
  `NUMERIC_PRECISION` bigint(21) unsigned DEFAULT NULL,
  `NUMERIC_SCALE` bigint(21) unsigned DEFAULT NULL,
  `CHARACTER_SET_NAME` varchar(32) DEFAULT NULL,
  `COLLATION_NAME` varchar(32) DEFAULT NULL,
  `COLUMN_TYPE` longtext NOT NULL,
  `COLUMN_KEY` varchar(3) NOT NULL DEFAULT '',
  `EXTRA` varchar(27) NOT NULL DEFAULT '',
  `PRIVILEGES` varchar(80) NOT NULL DEFAULT '',
  `COLUMN_COMMENT` varchar(255) NOT NULL DEFAULT ''
) ENGINE=MyISAM DEFAULT CHARSET=utf8;

--
-- Volcado de datos para la tabla `COLUMNS`
--

INSERT INTO `COLUMNS` (`TABLE_CATALOG`, `TABLE_SCHEMA`, `TABLE_NAME`, `COLUMN_NAME`, `ORDINAL_POSITION`, `COLUMN_DEFAULT`, `IS_NULLABLE`, `DATA_TYPE`, `CHARACTER_MAXIMUM_LENGTH`, `CHARACTER_OCTET_LENGTH`, `NUMERIC_PRECISION`, `NUMERIC_SCALE`, `CHARACTER_SET_NAME`, `COLLATION_NAME`, `COLUMN_TYPE`, `COLUMN_KEY`, `EXTRA`, `PRIVILEGES`, `COLUMN_COMMENT`) VALUES
(NULL, 'information_schema', 'CHARACTER_SETS', 'CHARACTER_SET_NAME', 1, '', 'NO', 'varchar', 32, 96, NULL, NULL, 'utf8', 'utf8_general_ci', 'varchar(32)', '', '', 'select', ''),
(NULL, 'information_schema', 'CHARACTER_SETS', 'DEFAULT_COLLATE_NAME', 2, '', 'NO', 'varchar', 32, 96, NULL, NULL, 'utf8', 'utf8_general_ci', 'varchar(32)', '', '', 'select', ''),
(NULL, 'information_schema', 'CHARACTER_SETS', 'DESCRIPTION', 3, '', 'NO', 'varchar', 60, 180, NULL, NULL, 'utf8', 'utf8_general_ci', 'varchar(60)', '', '', 'select', ''),
(NULL, 'information_schema', 'CHARACTER_SETS', 'MAXLEN', 4, '0', 'NO', 'bigint', NULL, NULL, 19, 0, NULL, NULL, 'bigint(3)', '', '', 'select', ''),
(NULL, 'information_schema', 'COLLATIONS', 'COLLATION_NAME', 1, '', 'NO', 'varchar', 32, 96, NULL, NULL, 'utf8', 'utf8_general_ci', 'varchar(32)', '', '', 'select', ''),
(NULL, 'information_schema', 'COLLATIONS', 'CHARACTER_SET_NAME', 2, '', 'NO', 'varchar', 32, 96, NULL, NULL, 'utf8', 'utf8_general_ci', 'varchar(32)', '', '', 'select', ''),
(NULL, 'information_schema', 'COLLATIONS', 'ID', 3, '0', 'NO', 'bigint', NULL, NULL, 19, 0, NULL, NULL, 'bigint(11)', '', '', 'select', ''),
(NULL, 'information_schema', 'COLLATIONS', 'IS_DEFAULT', 4, '', 'NO', 'varchar', 3, 9, NULL, NULL, 'utf8', 'utf8_general_ci', 'varchar(3)', '', '', 'select', ''),
(NULL, 'information_schema', 'COLLATIONS', 'IS_COMPILED', 5, '', 'NO', 'varchar', 3, 9, NULL, NULL, 'utf8', 'utf8_general_ci', 'varchar(3)', '', '', 'select', ''),
(NULL, 'information_schema', 'COLLATIONS', 'SORTLEN', 6, '0', 'NO', 'bigint', NULL, NULL, 19, 0, NULL, NULL, 'bigint(3)', '', '', 'select', ''),
(NULL, 'information_schema', 'COLLATION_CHARACTER_SET_APPLICABILITY', 'COLLATION_NAME', 1, '', 'NO', 'varchar', 32, 96, NULL, NULL, 'utf8', 'utf8_general_ci', 'varchar(32)', '', '', 'select', ''),
(NULL, 'information_schema', 'COLLATION_CHARACTER_SET_APPLICABILITY', 'CHARACTER_SET_NAME', 2, '', 'NO', 'varchar', 32, 96, NULL, NULL, 'utf8', 'utf8_general_ci', 'varchar(32)', '', '', 'select', ''),
(NULL, 'information_schema', 'COLUMNS', 'TABLE_CATALOG', 1, NULL, 'YES', 'varchar', 512, 1536, NULL, NULL, 'utf8', 'utf8_general_ci', 'varchar(512)', '', '', 'select', ''),
(NULL, 'information_schema', 'COLUMNS', 'TABLE_SCHEMA', 2, '', 'NO', 'varchar', 64, 192, NULL, NULL, 'utf8', 'utf8_general_ci', 'varchar(64)', '', '', 'select', ''),
(NULL, 'information_schema', 'COLUMNS', 'TABLE_NAME', 3, '', 'NO', 'varchar', 64, 192, NULL, NULL, 'utf8', 'utf8_general_ci', 'varchar(64)', '', '', 'select', ''),
(NULL, 'information_schema', 'COLUMNS', 'COLUMN_NAME', 4, '', 'NO', 'varchar', 64, 192, NULL, NULL, 'utf8', 'utf8_general_ci', 'varchar(64)', '', '', 'select', ''),
(NULL, 'information_schema', 'COLUMNS', 'ORDINAL_POSITION', 5, '0', 'NO', 'bigint', NULL, NULL, 20, 0, NULL, NULL, 'bigint(21) unsigned', '', '', 'select', ''),
(NULL, 'information_schema', 'COLUMNS', 'COLUMN_DEFAULT', 6, NULL, 'YES', 'longtext', 4294967295, 4294967295, NULL, NULL, 'utf8', 'utf8_general_ci', 'longtext', '', '', 'select', ''),
(NULL, 'information_schema', 'COLUMNS', 'IS_NULLABLE', 7, '', 'NO', 'varchar', 3, 9, NULL, NULL, 'utf8', 'utf8_general_ci', 'varchar(3)', '', '', 'select', ''),
(NULL, 'information_schema', 'COLUMNS', 'DATA_TYPE', 8, '', 'NO', 'varchar', 64, 192, NULL, NULL, 'utf8', 'utf8_general_ci', 'varchar(64)', '', '', 'select', ''),
(NULL, 'information_schema', 'COLUMNS', 'CHARACTER_MAXIMUM_LENGTH', 9, NULL, 'YES', 'bigint', NULL, NULL, 20, 0, NULL, NULL, 'bigint(21) unsigned', '', '', 'select', ''),
(NULL, 'information_schema', 'COLUMNS', 'CHARACTER_OCTET_LENGTH', 10, NULL, 'YES', 'bigint', NULL, NULL, 20, 0, NULL, NULL, 'bigint(21) unsigned', '', '', 'select', ''),
(NULL, 'information_schema', 'COLUMNS', 'NUMERIC_PRECISION', 11, NULL, 'YES', 'bigint', NULL, NULL, 20, 0, NULL, NULL, 'bigint(21) unsigned', '', '', 'select', ''),
(NULL, 'information_schema', 'COLUMNS', 'NUMERIC_SCALE', 12, NULL, 'YES', 'bigint', NULL, NULL, 20, 0, NULL, NULL, 'bigint(21) unsigned', '', '', 'select', ''),
(NULL, 'information_schema', 'COLUMNS', 'CHARACTER_SET_NAME', 13, NULL, 'YES', 'varchar', 32, 96, NULL, NULL, 'utf8', 'utf8_general_ci', 'varchar(32)', '', '', 'select', ''),
(NULL, 'information_schema', 'COLUMNS', 'COLLATION_NAME', 14, NULL, 'YES', 'varchar', 32, 96, NULL, NULL, 'utf8', 'utf8_general_ci', 'varchar(32)', '', '', 'select', ''),
(NULL, 'information_schema', 'COLUMNS', 'COLUMN_TYPE', 15, NULL, 'NO', 'longtext', 4294967295, 4294967295, NULL, NULL, 'utf8', 'utf8_general_ci', 'longtext', '', '', 'select', ''),
(NULL, 'information_schema', 'COLUMNS', 'COLUMN_KEY', 16, '', 'NO', 'varchar', 3, 9, NULL, NULL, 'utf8', 'utf8_general_ci', 'varchar(3)', '', '', 'select', ''),
(NULL, 'information_schema', 'COLUMNS', 'EXTRA', 17, '', 'NO', 'varchar', 27, 81, NULL, NULL, 'utf8', 'utf8_general_ci', 'varchar(27)', '', '', 'select', ''),
(NULL, 'information_schema', 'COLUMNS', 'PRIVILEGES', 18, '', 'NO', 'varchar', 80, 240, NULL, NULL, 'utf8', 'utf8_general_ci', 'varchar(80)', '', '', 'select', ''),
(NULL, 'information_schema', 'COLUMNS', 'COLUMN_COMMENT', 19, '', 'NO', 'varchar', 255, 765, NULL, NULL, 'utf8', 'utf8_general_ci', 'varchar(255)', '', '', 'select', ''),
(NULL, 'information_schema', 'COLUMN_PRIVILEGES', 'GRANTEE', 1, '', 'NO', 'varchar', 81, 243, NULL, NULL, 'utf8', 'utf8_general_ci', 'varchar(81)', '', '', 'select', ''),
(NULL, 'information_schema', 'COLUMN_PRIVILEGES', 'TABLE_CATALOG', 2, NULL, 'YES', 'varchar', 512, 1536, NULL, NULL, 'utf8', 'utf8_general_ci', 'varchar(512)', '', '', 'select', ''),
(NULL, 'information_schema', 'COLUMN_PRIVILEGES', 'TABLE_SCHEMA', 3, '', 'NO', 'varchar', 64, 192, NULL, NULL, 'utf8', 'utf8_general_ci', 'varchar(64)', '', '', 'select', ''),
(NULL, 'information_schema', 'COLUMN_PRIVILEGES', 'TABLE_NAME', 4, '', 'NO', 'varchar', 64, 192, NULL, NULL, 'utf8', 'utf8_general_ci', 'varchar(64)', '', '', 'select', ''),
(NULL, 'information_schema', 'COLUMN_PRIVILEGES', 'COLUMN_NAME', 5, '', 'NO', 'varchar', 64, 192, NULL, NULL, 'utf8', 'utf8_general_ci', 'varchar(64)', '', '', 'select', ''),
(NULL, 'information_schema', 'COLUMN_PRIVILEGES', 'PRIVILEGE_TYPE', 6, '', 'NO', 'varchar', 64, 192, NULL, NULL, 'utf8', 'utf8_general_ci', 'varchar(64)', '', '', 'select', ''),
(NULL, 'information_schema', 'COLUMN_PRIVILEGES', 'IS_GRANTABLE', 7, '', 'NO', 'varchar', 3, 9, NULL, NULL, 'utf8', 'utf8_general_ci', 'varchar(3)', '', '', 'select', ''),
(NULL, 'information_schema', 'ENGINES', 'ENGINE', 1, '', 'NO', 'varchar', 64, 192, NULL, NULL, 'utf8', 'utf8_general_ci', 'varchar(64)', '', '', 'select', ''),
(NULL, 'information_schema', 'ENGINES', 'SUPPORT', 2, '', 'NO', 'varchar', 8, 24, NULL, NULL, 'utf8', 'utf8_general_ci', 'varchar(8)', '', '', 'select', ''),
(NULL, 'information_schema', 'ENGINES', 'COMMENT', 3, '', 'NO', 'varchar', 80, 240, NULL, NULL, 'utf8', 'utf8_general_ci', 'varchar(80)', '', '', 'select', ''),
(NULL, 'information_schema', 'ENGINES', 'TRANSACTIONS', 4, NULL, 'YES', 'varchar', 3, 9, NULL, NULL, 'utf8', 'utf8_general_ci', 'varchar(3)', '', '', 'select', ''),
(NULL, 'information_schema', 'ENGINES', 'XA', 5, NULL, 'YES', 'varchar', 3, 9, NULL, NULL, 'utf8', 'utf8_general_ci', 'varchar(3)', '', '', 'select', ''),
(NULL, 'information_schema', 'ENGINES', 'SAVEPOINTS', 6, NULL, 'YES', 'varchar', 3, 9, NULL, NULL, 'utf8', 'utf8_general_ci', 'varchar(3)', '', '', 'select', ''),
(NULL, 'information_schema', 'EVENTS', 'EVENT_CATALOG', 1, NULL, 'YES', 'varchar', 64, 192, NULL, NULL, 'utf8', 'utf8_general_ci', 'varchar(64)', '', '', 'select', ''),
(NULL, 'information_schema', 'EVENTS', 'EVENT_SCHEMA', 2, '', 'NO', 'varchar', 64, 192, NULL, NULL, 'utf8', 'utf8_general_ci', 'varchar(64)', '', '', 'select', ''),
(NULL, 'information_schema', 'EVENTS', 'EVENT_NAME', 3, '', 'NO', 'varchar', 64, 192, NULL, NULL, 'utf8', 'utf8_general_ci', 'varchar(64)', '', '', 'select', ''),
(NULL, 'information_schema', 'EVENTS', 'DEFINER', 4, '', 'NO', 'varchar', 77, 231, NULL, NULL, 'utf8', 'utf8_general_ci', 'varchar(77)', '', '', 'select', ''),
(NULL, 'information_schema', 'EVENTS', 'TIME_ZONE', 5, '', 'NO', 'varchar', 64, 192, NULL, NULL, 'utf8', 'utf8_general_ci', 'varchar(64)', '', '', 'select', ''),
(NULL, 'information_schema', 'EVENTS', 'EVENT_BODY', 6, '', 'NO', 'varchar', 8, 24, NULL, NULL, 'utf8', 'utf8_general_ci', 'varchar(8)', '', '', 'select', ''),
(NULL, 'information_schema', 'EVENTS', 'EVENT_DEFINITION', 7, NULL, 'NO', 'longtext', 4294967295, 4294967295, NULL, NULL, 'utf8', 'utf8_general_ci', 'longtext', '', '', 'select', ''),
(NULL, 'information_schema', 'EVENTS', 'EVENT_TYPE', 8, '', 'NO', 'varchar', 9, 27, NULL, NULL, 'utf8', 'utf8_general_ci', 'varchar(9)', '', '', 'select', ''),
(NULL, 'information_schema', 'EVENTS', 'EXECUTE_AT', 9, NULL, 'YES', 'datetime', NULL, NULL, NULL, NULL, NULL, NULL, 'datetime', '', '', 'select', ''),
(NULL, 'information_schema', 'EVENTS', 'INTERVAL_VALUE', 10, NULL, 'YES', 'varchar', 256, 768, NULL, NULL, 'utf8', 'utf8_general_ci', 'varchar(256)', '', '', 'select', ''),
(NULL, 'information_schema', 'EVENTS', 'INTERVAL_FIELD', 11, NULL, 'YES', 'varchar', 18, 54, NULL, NULL, 'utf8', 'utf8_general_ci', 'varchar(18)', '', '', 'select', ''),
(NULL, 'information_schema', 'EVENTS', 'SQL_MODE', 12, '', 'NO', 'varchar', 8192, 24576, NULL, NULL, 'utf8', 'utf8_general_ci', 'varchar(8192)', '', '', 'select', ''),
(NULL, 'information_schema', 'EVENTS', 'STARTS', 13, NULL, 'YES', 'datetime', NULL, NULL, NULL, NULL, NULL, NULL, 'datetime', '', '', 'select', ''),
(NULL, 'information_schema', 'EVENTS', 'ENDS', 14, NULL, 'YES', 'datetime', NULL, NULL, NULL, NULL, NULL, NULL, 'datetime', '', '', 'select', ''),
(NULL, 'information_schema', 'EVENTS', 'STATUS', 15, '', 'NO', 'varchar', 18, 54, NULL, NULL, 'utf8', 'utf8_general_ci', 'varchar(18)', '', '', 'select', ''),
(NULL, 'information_schema', 'EVENTS', 'ON_COMPLETION', 16, '', 'NO', 'varchar', 12, 36, NULL, NULL, 'utf8', 'utf8_general_ci', 'varchar(12)', '', '', 'select', ''),
(NULL, 'information_schema', 'EVENTS', 'CREATED', 17, '0000-00-00 00:00:00', 'NO', 'datetime', NULL, NULL, NULL, NULL, NULL, NULL, 'datetime', '', '', 'select', ''),
(NULL, 'information_schema', 'EVENTS', 'LAST_ALTERED', 18, '0000-00-00 00:00:00', 'NO', 'datetime', NULL, NULL, NULL, NULL, NULL, NULL, 'datetime', '', '', 'select', ''),
(NULL, 'information_schema', 'EVENTS', 'LAST_EXECUTED', 19, NULL, 'YES', 'datetime', NULL, NULL, NULL, NULL, NULL, NULL, 'datetime', '', '', 'select', ''),
(NULL, 'information_schema', 'EVENTS', 'EVENT_COMMENT', 20, '', 'NO', 'varchar', 64, 192, NULL, NULL, 'utf8', 'utf8_general_ci', 'varchar(64)', '', '', 'select', ''),
(NULL, 'information_schema', 'EVENTS', 'ORIGINATOR', 21, '0', 'NO', 'bigint', NULL, NULL, 19, 0, NULL, NULL, 'bigint(10)', '', '', 'select', ''),
(NULL, 'information_schema', 'EVENTS', 'CHARACTER_SET_CLIENT', 22, '', 'NO', 'varchar', 32, 96, NULL, NULL, 'utf8', 'utf8_general_ci', 'varchar(32)', '', '', 'select', ''),
(NULL, 'information_schema', 'EVENTS', 'COLLATION_CONNECTION', 23, '', 'NO', 'varchar', 32, 96, NULL, NULL, 'utf8', 'utf8_general_ci', 'varchar(32)', '', '', 'select', ''),
(NULL, 'information_schema', 'EVENTS', 'DATABASE_COLLATION', 24, '', 'NO', 'varchar', 32, 96, NULL, NULL, 'utf8', 'utf8_general_ci', 'varchar(32)', '', '', 'select', ''),
(NULL, 'information_schema', 'FILES', 'FILE_ID', 1, '0', 'NO', 'bigint', NULL, NULL, 19, 0, NULL, NULL, 'bigint(4)', '', '', 'select', ''),
(NULL, 'information_schema', 'FILES', 'FILE_NAME', 2, NULL, 'YES', 'varchar', 64, 192, NULL, NULL, 'utf8', 'utf8_general_ci', 'varchar(64)', '', '', 'select', ''),
(NULL, 'information_schema', 'FILES', 'FILE_TYPE', 3, '', 'NO', 'varchar', 20, 60, NULL, NULL, 'utf8', 'utf8_general_ci', 'varchar(20)', '', '', 'select', ''),
(NULL, 'information_schema', 'FILES', 'TABLESPACE_NAME', 4, NULL, 'YES', 'varchar', 64, 192, NULL, NULL, 'utf8', 'utf8_general_ci', 'varchar(64)', '', '', 'select', ''),
(NULL, 'information_schema', 'FILES', 'TABLE_CATALOG', 5, NULL, 'YES', 'varchar', 64, 192, NULL, NULL, 'utf8', 'utf8_general_ci', 'varchar(64)', '', '', 'select', ''),
(NULL, 'information_schema', 'FILES', 'TABLE_SCHEMA', 6, NULL, 'YES', 'varchar', 64, 192, NULL, NULL, 'utf8', 'utf8_general_ci', 'varchar(64)', '', '', 'select', ''),
(NULL, 'information_schema', 'FILES', 'TABLE_NAME', 7, NULL, 'YES', 'varchar', 64, 192, NULL, NULL, 'utf8', 'utf8_general_ci', 'varchar(64)', '', '', 'select', ''),
(NULL, 'information_schema', 'FILES', 'LOGFILE_GROUP_NAME', 8, NULL, 'YES', 'varchar', 64, 192, NULL, NULL, 'utf8', 'utf8_general_ci', 'varchar(64)', '', '', 'select', ''),
(NULL, 'information_schema', 'FILES', 'LOGFILE_GROUP_NUMBER', 9, NULL, 'YES', 'bigint', NULL, NULL, 19, 0, NULL, NULL, 'bigint(4)', '', '', 'select', ''),
(NULL, 'information_schema', 'FILES', 'ENGINE', 10, '', 'NO', 'varchar', 64, 192, NULL, NULL, 'utf8', 'utf8_general_ci', 'varchar(64)', '', '', 'select', ''),
(NULL, 'information_schema', 'FILES', 'FULLTEXT_KEYS', 11, NULL, 'YES', 'varchar', 64, 192, NULL, NULL, 'utf8', 'utf8_general_ci', 'varchar(64)', '', '', 'select', ''),
(NULL, 'information_schema', 'FILES', 'DELETED_ROWS', 12, NULL, 'YES', 'bigint', NULL, NULL, 19, 0, NULL, NULL, 'bigint(4)', '', '', 'select', ''),
(NULL, 'information_schema', 'FILES', 'UPDATE_COUNT', 13, NULL, 'YES', 'bigint', NULL, NULL, 19, 0, NULL, NULL, 'bigint(4)', '', '', 'select', ''),
(NULL, 'information_schema', 'FILES', 'FREE_EXTENTS', 14, NULL, 'YES', 'bigint', NULL, NULL, 19, 0, NULL, NULL, 'bigint(4)', '', '', 'select', ''),
(NULL, 'information_schema', 'FILES', 'TOTAL_EXTENTS', 15, NULL, 'YES', 'bigint', NULL, NULL, 19, 0, NULL, NULL, 'bigint(4)', '', '', 'select', ''),
(NULL, 'information_schema', 'FILES', 'EXTENT_SIZE', 16, '0', 'NO', 'bigint', NULL, NULL, 19, 0, NULL, NULL, 'bigint(4)', '', '', 'select', ''),
(NULL, 'information_schema', 'FILES', 'INITIAL_SIZE', 17, NULL, 'YES', 'bigint', NULL, NULL, 20, 0, NULL, NULL, 'bigint(21) unsigned', '', '', 'select', ''),
(NULL, 'information_schema', 'FILES', 'MAXIMUM_SIZE', 18, NULL, 'YES', 'bigint', NULL, NULL, 20, 0, NULL, NULL, 'bigint(21) unsigned', '', '', 'select', ''),
(NULL, 'information_schema', 'FILES', 'AUTOEXTEND_SIZE', 19, NULL, 'YES', 'bigint', NULL, NULL, 20, 0, NULL, NULL, 'bigint(21) unsigned', '', '', 'select', ''),
(NULL, 'information_schema', 'FILES', 'CREATION_TIME', 20, NULL, 'YES', 'datetime', NULL, NULL, NULL, NULL, NULL, NULL, 'datetime', '', '', 'select', ''),
(NULL, 'information_schema', 'FILES', 'LAST_UPDATE_TIME', 21, NULL, 'YES', 'datetime', NULL, NULL, NULL, NULL, NULL, NULL, 'datetime', '', '', 'select', ''),
(NULL, 'information_schema', 'FILES', 'LAST_ACCESS_TIME', 22, NULL, 'YES', 'datetime', NULL, NULL, NULL, NULL, NULL, NULL, 'datetime', '', '', 'select', ''),
(NULL, 'information_schema', 'FILES', 'RECOVER_TIME', 23, NULL, 'YES', 'bigint', NULL, NULL, 19, 0, NULL, NULL, 'bigint(4)', '', '', 'select', ''),
(NULL, 'information_schema', 'FILES', 'TRANSACTION_COUNTER', 24, NULL, 'YES', 'bigint', NULL, NULL, 19, 0, NULL, NULL, 'bigint(4)', '', '', 'select', ''),
(NULL, 'information_schema', 'FILES', 'VERSION', 25, NULL, 'YES', 'bigint', NULL, NULL, 20, 0, NULL, NULL, 'bigint(21) unsigned', '', '', 'select', ''),
(NULL, 'information_schema', 'FILES', 'ROW_FORMAT', 26, NULL, 'YES', 'varchar', 10, 30, NULL, NULL, 'utf8', 'utf8_general_ci', 'varchar(10)', '', '', 'select', ''),
(NULL, 'information_schema', 'FILES', 'TABLE_ROWS', 27, NULL, 'YES', 'bigint', NULL, NULL, 20, 0, NULL, NULL, 'bigint(21) unsigned', '', '', 'select', ''),
(NULL, 'information_schema', 'FILES', 'AVG_ROW_LENGTH', 28, NULL, 'YES', 'bigint', NULL, NULL, 20, 0, NULL, NULL, 'bigint(21) unsigned', '', '', 'select', ''),
(NULL, 'information_schema', 'FILES', 'DATA_LENGTH', 29, NULL, 'YES', 'bigint', NULL, NULL, 20, 0, NULL, NULL, 'bigint(21) unsigned', '', '', 'select', ''),
(NULL, 'information_schema', 'FILES', 'MAX_DATA_LENGTH', 30, NULL, 'YES', 'bigint', NULL, NULL, 20, 0, NULL, NULL, 'bigint(21) unsigned', '', '', 'select', ''),
(NULL, 'information_schema', 'FILES', 'INDEX_LENGTH', 31, NULL, 'YES', 'bigint', NULL, NULL, 20, 0, NULL, NULL, 'bigint(21) unsigned', '', '', 'select', ''),
(NULL, 'information_schema', 'FILES', 'DATA_FREE', 32, NULL, 'YES', 'bigint', NULL, NULL, 20, 0, NULL, NULL, 'bigint(21) unsigned', '', '', 'select', ''),
(NULL, 'information_schema', 'FILES', 'CREATE_TIME', 33, NULL, 'YES', 'datetime', NULL, NULL, NULL, NULL, NULL, NULL, 'datetime', '', '', 'select', ''),
(NULL, 'information_schema', 'FILES', 'UPDATE_TIME', 34, NULL, 'YES', 'datetime', NULL, NULL, NULL, NULL, NULL, NULL, 'datetime', '', '', 'select', ''),
(NULL, 'information_schema', 'FILES', 'CHECK_TIME', 35, NULL, 'YES', 'datetime', NULL, NULL, NULL, NULL, NULL, NULL, 'datetime', '', '', 'select', ''),
(NULL, 'information_schema', 'FILES', 'CHECKSUM', 36, NULL, 'YES', 'bigint', NULL, NULL, 20, 0, NULL, NULL, 'bigint(21) unsigned', '', '', 'select', ''),
(NULL, 'information_schema', 'FILES', 'STATUS', 37, '', 'NO', 'varchar', 20, 60, NULL, NULL, 'utf8', 'utf8_general_ci', 'varchar(20)', '', '', 'select', ''),
(NULL, 'information_schema', 'FILES', 'EXTRA', 38, NULL, 'YES', 'varchar', 255, 765, NULL, NULL, 'utf8', 'utf8_general_ci', 'varchar(255)', '', '', 'select', ''),
(NULL, 'information_schema', 'GLOBAL_STATUS', 'VARIABLE_NAME', 1, '', 'NO', 'varchar', 64, 192, NULL, NULL, 'utf8', 'utf8_general_ci', 'varchar(64)', '', '', 'select', ''),
(NULL, 'information_schema', 'GLOBAL_STATUS', 'VARIABLE_VALUE', 2, NULL, 'YES', 'varchar', 1024, 3072, NULL, NULL, 'utf8', 'utf8_general_ci', 'varchar(1024)', '', '', 'select', ''),
(NULL, 'information_schema', 'GLOBAL_VARIABLES', 'VARIABLE_NAME', 1, '', 'NO', 'varchar', 64, 192, NULL, NULL, 'utf8', 'utf8_general_ci', 'varchar(64)', '', '', 'select', ''),
(NULL, 'information_schema', 'GLOBAL_VARIABLES', 'VARIABLE_VALUE', 2, NULL, 'YES', 'varchar', 1024, 3072, NULL, NULL, 'utf8', 'utf8_general_ci', 'varchar(1024)', '', '', 'select', ''),
(NULL, 'information_schema', 'KEY_COLUMN_USAGE', 'CONSTRAINT_CATALOG', 1, NULL, 'YES', 'varchar', 512, 1536, NULL, NULL, 'utf8', 'utf8_general_ci', 'varchar(512)', '', '', 'select', ''),
(NULL, 'information_schema', 'KEY_COLUMN_USAGE', 'CONSTRAINT_SCHEMA', 2, '', 'NO', 'varchar', 64, 192, NULL, NULL, 'utf8', 'utf8_general_ci', 'varchar(64)', '', '', 'select', ''),
(NULL, 'information_schema', 'KEY_COLUMN_USAGE', 'CONSTRAINT_NAME', 3, '', 'NO', 'varchar', 64, 192, NULL, NULL, 'utf8', 'utf8_general_ci', 'varchar(64)', '', '', 'select', ''),
(NULL, 'information_schema', 'KEY_COLUMN_USAGE', 'TABLE_CATALOG', 4, NULL, 'YES', 'varchar', 512, 1536, NULL, NULL, 'utf8', 'utf8_general_ci', 'varchar(512)', '', '', 'select', ''),
(NULL, 'information_schema', 'KEY_COLUMN_USAGE', 'TABLE_SCHEMA', 5, '', 'NO', 'varchar', 64, 192, NULL, NULL, 'utf8', 'utf8_general_ci', 'varchar(64)', '', '', 'select', ''),
(NULL, 'information_schema', 'KEY_COLUMN_USAGE', 'TABLE_NAME', 6, '', 'NO', 'varchar', 64, 192, NULL, NULL, 'utf8', 'utf8_general_ci', 'varchar(64)', '', '', 'select', ''),
(NULL, 'information_schema', 'KEY_COLUMN_USAGE', 'COLUMN_NAME', 7, '', 'NO', 'varchar', 64, 192, NULL, NULL, 'utf8', 'utf8_general_ci', 'varchar(64)', '', '', 'select', ''),
(NULL, 'information_schema', 'KEY_COLUMN_USAGE', 'ORDINAL_POSITION', 8, '0', 'NO', 'bigint', NULL, NULL, 19, 0, NULL, NULL, 'bigint(10)', '', '', 'select', ''),
(NULL, 'information_schema', 'KEY_COLUMN_USAGE', 'POSITION_IN_UNIQUE_CONSTRAINT', 9, NULL, 'YES', 'bigint', NULL, NULL, 19, 0, NULL, NULL, 'bigint(10)', '', '', 'select', ''),
(NULL, 'information_schema', 'KEY_COLUMN_USAGE', 'REFERENCED_TABLE_SCHEMA', 10, NULL, 'YES', 'varchar', 64, 192, NULL, NULL, 'utf8', 'utf8_general_ci', 'varchar(64)', '', '', 'select', ''),
(NULL, 'information_schema', 'KEY_COLUMN_USAGE', 'REFERENCED_TABLE_NAME', 11, NULL, 'YES', 'varchar', 64, 192, NULL, NULL, 'utf8', 'utf8_general_ci', 'varchar(64)', '', '', 'select', ''),
(NULL, 'information_schema', 'KEY_COLUMN_USAGE', 'REFERENCED_COLUMN_NAME', 12, NULL, 'YES', 'varchar', 64, 192, NULL, NULL, 'utf8', 'utf8_general_ci', 'varchar(64)', '', '', 'select', ''),
(NULL, 'information_schema', 'PARTITIONS', 'TABLE_CATALOG', 1, NULL, 'YES', 'varchar', 512, 1536, NULL, NULL, 'utf8', 'utf8_general_ci', 'varchar(512)', '', '', 'select', ''),
(NULL, 'information_schema', 'PARTITIONS', 'TABLE_SCHEMA', 2, '', 'NO', 'varchar', 64, 192, NULL, NULL, 'utf8', 'utf8_general_ci', 'varchar(64)', '', '', 'select', ''),
(NULL, 'information_schema', 'PARTITIONS', 'TABLE_NAME', 3, '', 'NO', 'varchar', 64, 192, NULL, NULL, 'utf8', 'utf8_general_ci', 'varchar(64)', '', '', 'select', ''),
(NULL, 'information_schema', 'PARTITIONS', 'PARTITION_NAME', 4, NULL, 'YES', 'varchar', 64, 192, NULL, NULL, 'utf8', 'utf8_general_ci', 'varchar(64)', '', '', 'select', ''),
(NULL, 'information_schema', 'PARTITIONS', 'SUBPARTITION_NAME', 5, NULL, 'YES', 'varchar', 64, 192, NULL, NULL, 'utf8', 'utf8_general_ci', 'varchar(64)', '', '', 'select', ''),
(NULL, 'information_schema', 'PARTITIONS', 'PARTITION_ORDINAL_POSITION', 6, NULL, 'YES', 'bigint', NULL, NULL, 20, 0, NULL, NULL, 'bigint(21) unsigned', '', '', 'select', ''),
(NULL, 'information_schema', 'PARTITIONS', 'SUBPARTITION_ORDINAL_POSITION', 7, NULL, 'YES', 'bigint', NULL, NULL, 20, 0, NULL, NULL, 'bigint(21) unsigned', '', '', 'select', ''),
(NULL, 'information_schema', 'PARTITIONS', 'PARTITION_METHOD', 8, NULL, 'YES', 'varchar', 12, 36, NULL, NULL, 'utf8', 'utf8_general_ci', 'varchar(12)', '', '', 'select', ''),
(NULL, 'information_schema', 'PARTITIONS', 'SUBPARTITION_METHOD', 9, NULL, 'YES', 'varchar', 12, 36, NULL, NULL, 'utf8', 'utf8_general_ci', 'varchar(12)', '', '', 'select', ''),
(NULL, 'information_schema', 'PARTITIONS', 'PARTITION_EXPRESSION', 10, NULL, 'YES', 'longtext', 4294967295, 4294967295, NULL, NULL, 'utf8', 'utf8_general_ci', 'longtext', '', '', 'select', ''),
(NULL, 'information_schema', 'PARTITIONS', 'SUBPARTITION_EXPRESSION', 11, NULL, 'YES', 'longtext', 4294967295, 4294967295, NULL, NULL, 'utf8', 'utf8_general_ci', 'longtext', '', '', 'select', ''),
(NULL, 'information_schema', 'PARTITIONS', 'PARTITION_DESCRIPTION', 12, NULL, 'YES', 'longtext', 4294967295, 4294967295, NULL, NULL, 'utf8', 'utf8_general_ci', 'longtext', '', '', 'select', ''),
(NULL, 'information_schema', 'PARTITIONS', 'TABLE_ROWS', 13, '0', 'NO', 'bigint', NULL, NULL, 20, 0, NULL, NULL, 'bigint(21) unsigned', '', '', 'select', ''),
(NULL, 'information_schema', 'PARTITIONS', 'AVG_ROW_LENGTH', 14, '0', 'NO', 'bigint', NULL, NULL, 20, 0, NULL, NULL, 'bigint(21) unsigned', '', '', 'select', ''),
(NULL, 'information_schema', 'PARTITIONS', 'DATA_LENGTH', 15, '0', 'NO', 'bigint', NULL, NULL, 20, 0, NULL, NULL, 'bigint(21) unsigned', '', '', 'select', ''),
(NULL, 'information_schema', 'PARTITIONS', 'MAX_DATA_LENGTH', 16, NULL, 'YES', 'bigint', NULL, NULL, 20, 0, NULL, NULL, 'bigint(21) unsigned', '', '', 'select', ''),
(NULL, 'information_schema', 'PARTITIONS', 'INDEX_LENGTH', 17, '0', 'NO', 'bigint', NULL, NULL, 20, 0, NULL, NULL, 'bigint(21) unsigned', '', '', 'select', ''),
(NULL, 'information_schema', 'PARTITIONS', 'DATA_FREE', 18, '0', 'NO', 'bigint', NULL, NULL, 20, 0, NULL, NULL, 'bigint(21) unsigned', '', '', 'select', ''),
(NULL, 'information_schema', 'PARTITIONS', 'CREATE_TIME', 19, NULL, 'YES', 'datetime', NULL, NULL, NULL, NULL, NULL, NULL, 'datetime', '', '', 'select', ''),
(NULL, 'information_schema', 'PARTITIONS', 'UPDATE_TIME', 20, NULL, 'YES', 'datetime', NULL, NULL, NULL, NULL, NULL, NULL, 'datetime', '', '', 'select', ''),
(NULL, 'information_schema', 'PARTITIONS', 'CHECK_TIME', 21, NULL, 'YES', 'datetime', NULL, NULL, NULL, NULL, NULL, NULL, 'datetime', '', '', 'select', ''),
(NULL, 'information_schema', 'PARTITIONS', 'CHECKSUM', 22, NULL, 'YES', 'bigint', NULL, NULL, 20, 0, NULL, NULL, 'bigint(21) unsigned', '', '', 'select', ''),
(NULL, 'information_schema', 'PARTITIONS', 'PARTITION_COMMENT', 23, '', 'NO', 'varchar', 80, 240, NULL, NULL, 'utf8', 'utf8_general_ci', 'varchar(80)', '', '', 'select', ''),
(NULL, 'information_schema', 'PARTITIONS', 'NODEGROUP', 24, '', 'NO', 'varchar', 12, 36, NULL, NULL, 'utf8', 'utf8_general_ci', 'varchar(12)', '', '', 'select', ''),
(NULL, 'information_schema', 'PARTITIONS', 'TABLESPACE_NAME', 25, NULL, 'YES', 'varchar', 64, 192, NULL, NULL, 'utf8', 'utf8_general_ci', 'varchar(64)', '', '', 'select', ''),
(NULL, 'information_schema', 'PLUGINS', 'PLUGIN_NAME', 1, '', 'NO', 'varchar', 64, 192, NULL, NULL, 'utf8', 'utf8_general_ci', 'varchar(64)', '', '', 'select', ''),
(NULL, 'information_schema', 'PLUGINS', 'PLUGIN_VERSION', 2, '', 'NO', 'varchar', 20, 60, NULL, NULL, 'utf8', 'utf8_general_ci', 'varchar(20)', '', '', 'select', ''),
(NULL, 'information_schema', 'PLUGINS', 'PLUGIN_STATUS', 3, '', 'NO', 'varchar', 10, 30, NULL, NULL, 'utf8', 'utf8_general_ci', 'varchar(10)', '', '', 'select', ''),
(NULL, 'information_schema', 'PLUGINS', 'PLUGIN_TYPE', 4, '', 'NO', 'varchar', 80, 240, NULL, NULL, 'utf8', 'utf8_general_ci', 'varchar(80)', '', '', 'select', ''),
(NULL, 'information_schema', 'PLUGINS', 'PLUGIN_TYPE_VERSION', 5, '', 'NO', 'varchar', 20, 60, NULL, NULL, 'utf8', 'utf8_general_ci', 'varchar(20)', '', '', 'select', ''),
(NULL, 'information_schema', 'PLUGINS', 'PLUGIN_LIBRARY', 6, NULL, 'YES', 'varchar', 64, 192, NULL, NULL, 'utf8', 'utf8_general_ci', 'varchar(64)', '', '', 'select', ''),
(NULL, 'information_schema', 'PLUGINS', 'PLUGIN_LIBRARY_VERSION', 7, NULL, 'YES', 'varchar', 20, 60, NULL, NULL, 'utf8', 'utf8_general_ci', 'varchar(20)', '', '', 'select', ''),
(NULL, 'information_schema', 'PLUGINS', 'PLUGIN_AUTHOR', 8, NULL, 'YES', 'varchar', 64, 192, NULL, NULL, 'utf8', 'utf8_general_ci', 'varchar(64)', '', '', 'select', ''),
(NULL, 'information_schema', 'PLUGINS', 'PLUGIN_DESCRIPTION', 9, NULL, 'YES', 'longtext', 4294967295, 4294967295, NULL, NULL, 'utf8', 'utf8_general_ci', 'longtext', '', '', 'select', ''),
(NULL, 'information_schema', 'PLUGINS', 'PLUGIN_LICENSE', 10, NULL, 'YES', 'varchar', 80, 240, NULL, NULL, 'utf8', 'utf8_general_ci', 'varchar(80)', '', '', 'select', ''),
(NULL, 'information_schema', 'PROCESSLIST', 'ID', 1, '0', 'NO', 'bigint', NULL, NULL, 19, 0, NULL, NULL, 'bigint(4)', '', '', 'select', ''),
(NULL, 'information_schema', 'PROCESSLIST', 'USER', 2, '', 'NO', 'varchar', 16, 48, NULL, NULL, 'utf8', 'utf8_general_ci', 'varchar(16)', '', '', 'select', ''),
(NULL, 'information_schema', 'PROCESSLIST', 'HOST', 3, '', 'NO', 'varchar', 64, 192, NULL, NULL, 'utf8', 'utf8_general_ci', 'varchar(64)', '', '', 'select', ''),
(NULL, 'information_schema', 'PROCESSLIST', 'DB', 4, NULL, 'YES', 'varchar', 64, 192, NULL, NULL, 'utf8', 'utf8_general_ci', 'varchar(64)', '', '', 'select', ''),
(NULL, 'information_schema', 'PROCESSLIST', 'COMMAND', 5, '', 'NO', 'varchar', 16, 48, NULL, NULL, 'utf8', 'utf8_general_ci', 'varchar(16)', '', '', 'select', ''),
(NULL, 'information_schema', 'PROCESSLIST', 'TIME', 6, '0', 'NO', 'int', NULL, NULL, 10, 0, NULL, NULL, 'int(7)', '', '', 'select', ''),
(NULL, 'information_schema', 'PROCESSLIST', 'STATE', 7, NULL, 'YES', 'varchar', 64, 192, NULL, NULL, 'utf8', 'utf8_general_ci', 'varchar(64)', '', '', 'select', ''),
(NULL, 'information_schema', 'PROCESSLIST', 'INFO', 8, NULL, 'YES', 'longtext', 4294967295, 4294967295, NULL, NULL, 'utf8', 'utf8_general_ci', 'longtext', '', '', 'select', ''),
(NULL, 'information_schema', 'PROFILING', 'QUERY_ID', 1, '0', 'NO', 'int', NULL, NULL, 10, 0, NULL, NULL, 'int(20)', '', '', 'select', ''),
(NULL, 'information_schema', 'PROFILING', 'SEQ', 2, '0', 'NO', 'int', NULL, NULL, 10, 0, NULL, NULL, 'int(20)', '', '', 'select', ''),
(NULL, 'information_schema', 'PROFILING', 'STATE', 3, '', 'NO', 'varchar', 30, 90, NULL, NULL, 'utf8', 'utf8_general_ci', 'varchar(30)', '', '', 'select', ''),
(NULL, 'information_schema', 'PROFILING', 'DURATION', 4, '0.000000', 'NO', 'decimal', NULL, NULL, 9, 6, NULL, NULL, 'decimal(9,6)', '', '', 'select', ''),
(NULL, 'information_schema', 'PROFILING', 'CPU_USER', 5, NULL, 'YES', 'decimal', NULL, NULL, 9, 6, NULL, NULL, 'decimal(9,6)', '', '', 'select', ''),
(NULL, 'information_schema', 'PROFILING', 'CPU_SYSTEM', 6, NULL, 'YES', 'decimal', NULL, NULL, 9, 6, NULL, NULL, 'decimal(9,6)', '', '', 'select', ''),
(NULL, 'information_schema', 'PROFILING', 'CONTEXT_VOLUNTARY', 7, NULL, 'YES', 'int', NULL, NULL, 10, 0, NULL, NULL, 'int(20)', '', '', 'select', ''),
(NULL, 'information_schema', 'PROFILING', 'CONTEXT_INVOLUNTARY', 8, NULL, 'YES', 'int', NULL, NULL, 10, 0, NULL, NULL, 'int(20)', '', '', 'select', ''),
(NULL, 'information_schema', 'PROFILING', 'BLOCK_OPS_IN', 9, NULL, 'YES', 'int', NULL, NULL, 10, 0, NULL, NULL, 'int(20)', '', '', 'select', ''),
(NULL, 'information_schema', 'PROFILING', 'BLOCK_OPS_OUT', 10, NULL, 'YES', 'int', NULL, NULL, 10, 0, NULL, NULL, 'int(20)', '', '', 'select', ''),
(NULL, 'information_schema', 'PROFILING', 'MESSAGES_SENT', 11, NULL, 'YES', 'int', NULL, NULL, 10, 0, NULL, NULL, 'int(20)', '', '', 'select', ''),
(NULL, 'information_schema', 'PROFILING', 'MESSAGES_RECEIVED', 12, NULL, 'YES', 'int', NULL, NULL, 10, 0, NULL, NULL, 'int(20)', '', '', 'select', ''),
(NULL, 'information_schema', 'PROFILING', 'PAGE_FAULTS_MAJOR', 13, NULL, 'YES', 'int', NULL, NULL, 10, 0, NULL, NULL, 'int(20)', '', '', 'select', ''),
(NULL, 'information_schema', 'PROFILING', 'PAGE_FAULTS_MINOR', 14, NULL, 'YES', 'int', NULL, NULL, 10, 0, NULL, NULL, 'int(20)', '', '', 'select', ''),
(NULL, 'information_schema', 'PROFILING', 'SWAPS', 15, NULL, 'YES', 'int', NULL, NULL, 10, 0, NULL, NULL, 'int(20)', '', '', 'select', ''),
(NULL, 'information_schema', 'PROFILING', 'SOURCE_FUNCTION', 16, NULL, 'YES', 'varchar', 30, 90, NULL, NULL, 'utf8', 'utf8_general_ci', 'varchar(30)', '', '', 'select', ''),
(NULL, 'information_schema', 'PROFILING', 'SOURCE_FILE', 17, NULL, 'YES', 'varchar', 20, 60, NULL, NULL, 'utf8', 'utf8_general_ci', 'varchar(20)', '', '', 'select', ''),
(NULL, 'information_schema', 'PROFILING', 'SOURCE_LINE', 18, NULL, 'YES', 'int', NULL, NULL, 10, 0, NULL, NULL, 'int(20)', '', '', 'select', ''),
(NULL, 'information_schema', 'REFERENTIAL_CONSTRAINTS', 'CONSTRAINT_CATALOG', 1, NULL, 'YES', 'varchar', 512, 1536, NULL, NULL, 'utf8', 'utf8_general_ci', 'varchar(512)', '', '', 'select', ''),
(NULL, 'information_schema', 'REFERENTIAL_CONSTRAINTS', 'CONSTRAINT_SCHEMA', 2, '', 'NO', 'varchar', 64, 192, NULL, NULL, 'utf8', 'utf8_general_ci', 'varchar(64)', '', '', 'select', ''),
(NULL, 'information_schema', 'REFERENTIAL_CONSTRAINTS', 'CONSTRAINT_NAME', 3, '', 'NO', 'varchar', 64, 192, NULL, NULL, 'utf8', 'utf8_general_ci', 'varchar(64)', '', '', 'select', ''),
(NULL, 'information_schema', 'REFERENTIAL_CONSTRAINTS', 'UNIQUE_CONSTRAINT_CATALOG', 4, NULL, 'YES', 'varchar', 512, 1536, NULL, NULL, 'utf8', 'utf8_general_ci', 'varchar(512)', '', '', 'select', ''),
(NULL, 'information_schema', 'REFERENTIAL_CONSTRAINTS', 'UNIQUE_CONSTRAINT_SCHEMA', 5, '', 'NO', 'varchar', 64, 192, NULL, NULL, 'utf8', 'utf8_general_ci', 'varchar(64)', '', '', 'select', ''),
(NULL, 'information_schema', 'REFERENTIAL_CONSTRAINTS', 'UNIQUE_CONSTRAINT_NAME', 6, NULL, 'YES', 'varchar', 64, 192, NULL, NULL, 'utf8', 'utf8_general_ci', 'varchar(64)', '', '', 'select', ''),
(NULL, 'information_schema', 'REFERENTIAL_CONSTRAINTS', 'MATCH_OPTION', 7, '', 'NO', 'varchar', 64, 192, NULL, NULL, 'utf8', 'utf8_general_ci', 'varchar(64)', '', '', 'select', ''),
(NULL, 'information_schema', 'REFERENTIAL_CONSTRAINTS', 'UPDATE_RULE', 8, '', 'NO', 'varchar', 64, 192, NULL, NULL, 'utf8', 'utf8_general_ci', 'varchar(64)', '', '', 'select', ''),
(NULL, 'information_schema', 'REFERENTIAL_CONSTRAINTS', 'DELETE_RULE', 9, '', 'NO', 'varchar', 64, 192, NULL, NULL, 'utf8', 'utf8_general_ci', 'varchar(64)', '', '', 'select', ''),
(NULL, 'information_schema', 'REFERENTIAL_CONSTRAINTS', 'TABLE_NAME', 10, '', 'NO', 'varchar', 64, 192, NULL, NULL, 'utf8', 'utf8_general_ci', 'varchar(64)', '', '', 'select', ''),
(NULL, 'information_schema', 'REFERENTIAL_CONSTRAINTS', 'REFERENCED_TABLE_NAME', 11, '', 'NO', 'varchar', 64, 192, NULL, NULL, 'utf8', 'utf8_general_ci', 'varchar(64)', '', '', 'select', ''),
(NULL, 'information_schema', 'ROUTINES', 'SPECIFIC_NAME', 1, '', 'NO', 'varchar', 64, 192, NULL, NULL, 'utf8', 'utf8_general_ci', 'varchar(64)', '', '', 'select', ''),
(NULL, 'information_schema', 'ROUTINES', 'ROUTINE_CATALOG', 2, NULL, 'YES', 'varchar', 512, 1536, NULL, NULL, 'utf8', 'utf8_general_ci', 'varchar(512)', '', '', 'select', ''),
(NULL, 'information_schema', 'ROUTINES', 'ROUTINE_SCHEMA', 3, '', 'NO', 'varchar', 64, 192, NULL, NULL, 'utf8', 'utf8_general_ci', 'varchar(64)', '', '', 'select', ''),
(NULL, 'information_schema', 'ROUTINES', 'ROUTINE_NAME', 4, '', 'NO', 'varchar', 64, 192, NULL, NULL, 'utf8', 'utf8_general_ci', 'varchar(64)', '', '', 'select', ''),
(NULL, 'information_schema', 'ROUTINES', 'ROUTINE_TYPE', 5, '', 'NO', 'varchar', 9, 27, NULL, NULL, 'utf8', 'utf8_general_ci', 'varchar(9)', '', '', 'select', ''),
(NULL, 'information_schema', 'ROUTINES', 'DTD_IDENTIFIER', 6, NULL, 'YES', 'varchar', 64, 192, NULL, NULL, 'utf8', 'utf8_general_ci', 'varchar(64)', '', '', 'select', ''),
(NULL, 'information_schema', 'ROUTINES', 'ROUTINE_BODY', 7, '', 'NO', 'varchar', 8, 24, NULL, NULL, 'utf8', 'utf8_general_ci', 'varchar(8)', '', '', 'select', ''),
(NULL, 'information_schema', 'ROUTINES', 'ROUTINE_DEFINITION', 8, NULL, 'YES', 'longtext', 4294967295, 4294967295, NULL, NULL, 'utf8', 'utf8_general_ci', 'longtext', '', '', 'select', ''),
(NULL, 'information_schema', 'ROUTINES', 'EXTERNAL_NAME', 9, NULL, 'YES', 'varchar', 64, 192, NULL, NULL, 'utf8', 'utf8_general_ci', 'varchar(64)', '', '', 'select', ''),
(NULL, 'information_schema', 'ROUTINES', 'EXTERNAL_LANGUAGE', 10, NULL, 'YES', 'varchar', 64, 192, NULL, NULL, 'utf8', 'utf8_general_ci', 'varchar(64)', '', '', 'select', ''),
(NULL, 'information_schema', 'ROUTINES', 'PARAMETER_STYLE', 11, '', 'NO', 'varchar', 8, 24, NULL, NULL, 'utf8', 'utf8_general_ci', 'varchar(8)', '', '', 'select', ''),
(NULL, 'information_schema', 'ROUTINES', 'IS_DETERMINISTIC', 12, '', 'NO', 'varchar', 3, 9, NULL, NULL, 'utf8', 'utf8_general_ci', 'varchar(3)', '', '', 'select', ''),
(NULL, 'information_schema', 'ROUTINES', 'SQL_DATA_ACCESS', 13, '', 'NO', 'varchar', 64, 192, NULL, NULL, 'utf8', 'utf8_general_ci', 'varchar(64)', '', '', 'select', ''),
(NULL, 'information_schema', 'ROUTINES', 'SQL_PATH', 14, NULL, 'YES', 'varchar', 64, 192, NULL, NULL, 'utf8', 'utf8_general_ci', 'varchar(64)', '', '', 'select', ''),
(NULL, 'information_schema', 'ROUTINES', 'SECURITY_TYPE', 15, '', 'NO', 'varchar', 7, 21, NULL, NULL, 'utf8', 'utf8_general_ci', 'varchar(7)', '', '', 'select', ''),
(NULL, 'information_schema', 'ROUTINES', 'CREATED', 16, '0000-00-00 00:00:00', 'NO', 'datetime', NULL, NULL, NULL, NULL, NULL, NULL, 'datetime', '', '', 'select', ''),
(NULL, 'information_schema', 'ROUTINES', 'LAST_ALTERED', 17, '0000-00-00 00:00:00', 'NO', 'datetime', NULL, NULL, NULL, NULL, NULL, NULL, 'datetime', '', '', 'select', ''),
(NULL, 'information_schema', 'ROUTINES', 'SQL_MODE', 18, '', 'NO', 'varchar', 8192, 24576, NULL, NULL, 'utf8', 'utf8_general_ci', 'varchar(8192)', '', '', 'select', ''),
(NULL, 'information_schema', 'ROUTINES', 'ROUTINE_COMMENT', 19, '', 'NO', 'varchar', 64, 192, NULL, NULL, 'utf8', 'utf8_general_ci', 'varchar(64)', '', '', 'select', ''),
(NULL, 'information_schema', 'ROUTINES', 'DEFINER', 20, '', 'NO', 'varchar', 77, 231, NULL, NULL, 'utf8', 'utf8_general_ci', 'varchar(77)', '', '', 'select', ''),
(NULL, 'information_schema', 'ROUTINES', 'CHARACTER_SET_CLIENT', 21, '', 'NO', 'varchar', 32, 96, NULL, NULL, 'utf8', 'utf8_general_ci', 'varchar(32)', '', '', 'select', ''),
(NULL, 'information_schema', 'ROUTINES', 'COLLATION_CONNECTION', 22, '', 'NO', 'varchar', 32, 96, NULL, NULL, 'utf8', 'utf8_general_ci', 'varchar(32)', '', '', 'select', ''),
(NULL, 'information_schema', 'ROUTINES', 'DATABASE_COLLATION', 23, '', 'NO', 'varchar', 32, 96, NULL, NULL, 'utf8', 'utf8_general_ci', 'varchar(32)', '', '', 'select', ''),
(NULL, 'information_schema', 'SCHEMATA', 'CATALOG_NAME', 1, NULL, 'YES', 'varchar', 512, 1536, NULL, NULL, 'utf8', 'utf8_general_ci', 'varchar(512)', '', '', 'select', ''),
(NULL, 'information_schema', 'SCHEMATA', 'SCHEMA_NAME', 2, '', 'NO', 'varchar', 64, 192, NULL, NULL, 'utf8', 'utf8_general_ci', 'varchar(64)', '', '', 'select', ''),
(NULL, 'information_schema', 'SCHEMATA', 'DEFAULT_CHARACTER_SET_NAME', 3, '', 'NO', 'varchar', 32, 96, NULL, NULL, 'utf8', 'utf8_general_ci', 'varchar(32)', '', '', 'select', ''),
(NULL, 'information_schema', 'SCHEMATA', 'DEFAULT_COLLATION_NAME', 4, '', 'NO', 'varchar', 32, 96, NULL, NULL, 'utf8', 'utf8_general_ci', 'varchar(32)', '', '', 'select', ''),
(NULL, 'information_schema', 'SCHEMATA', 'SQL_PATH', 5, NULL, 'YES', 'varchar', 512, 1536, NULL, NULL, 'utf8', 'utf8_general_ci', 'varchar(512)', '', '', 'select', ''),
(NULL, 'information_schema', 'SCHEMA_PRIVILEGES', 'GRANTEE', 1, '', 'NO', 'varchar', 81, 243, NULL, NULL, 'utf8', 'utf8_general_ci', 'varchar(81)', '', '', 'select', ''),
(NULL, 'information_schema', 'SCHEMA_PRIVILEGES', 'TABLE_CATALOG', 2, NULL, 'YES', 'varchar', 512, 1536, NULL, NULL, 'utf8', 'utf8_general_ci', 'varchar(512)', '', '', 'select', ''),
(NULL, 'information_schema', 'SCHEMA_PRIVILEGES', 'TABLE_SCHEMA', 3, '', 'NO', 'varchar', 64, 192, NULL, NULL, 'utf8', 'utf8_general_ci', 'varchar(64)', '', '', 'select', ''),
(NULL, 'information_schema', 'SCHEMA_PRIVILEGES', 'PRIVILEGE_TYPE', 4, '', 'NO', 'varchar', 64, 192, NULL, NULL, 'utf8', 'utf8_general_ci', 'varchar(64)', '', '', 'select', ''),
(NULL, 'information_schema', 'SCHEMA_PRIVILEGES', 'IS_GRANTABLE', 5, '', 'NO', 'varchar', 3, 9, NULL, NULL, 'utf8', 'utf8_general_ci', 'varchar(3)', '', '', 'select', ''),
(NULL, 'information_schema', 'SESSION_STATUS', 'VARIABLE_NAME', 1, '', 'NO', 'varchar', 64, 192, NULL, NULL, 'utf8', 'utf8_general_ci', 'varchar(64)', '', '', 'select', ''),
(NULL, 'information_schema', 'SESSION_STATUS', 'VARIABLE_VALUE', 2, NULL, 'YES', 'varchar', 1024, 3072, NULL, NULL, 'utf8', 'utf8_general_ci', 'varchar(1024)', '', '', 'select', ''),
(NULL, 'information_schema', 'SESSION_VARIABLES', 'VARIABLE_NAME', 1, '', 'NO', 'varchar', 64, 192, NULL, NULL, 'utf8', 'utf8_general_ci', 'varchar(64)', '', '', 'select', ''),
(NULL, 'information_schema', 'SESSION_VARIABLES', 'VARIABLE_VALUE', 2, NULL, 'YES', 'varchar', 1024, 3072, NULL, NULL, 'utf8', 'utf8_general_ci', 'varchar(1024)', '', '', 'select', ''),
(NULL, 'information_schema', 'STATISTICS', 'TABLE_CATALOG', 1, NULL, 'YES', 'varchar', 512, 1536, NULL, NULL, 'utf8', 'utf8_general_ci', 'varchar(512)', '', '', 'select', ''),
(NULL, 'information_schema', 'STATISTICS', 'TABLE_SCHEMA', 2, '', 'NO', 'varchar', 64, 192, NULL, NULL, 'utf8', 'utf8_general_ci', 'varchar(64)', '', '', 'select', ''),
(NULL, 'information_schema', 'STATISTICS', 'TABLE_NAME', 3, '', 'NO', 'varchar', 64, 192, NULL, NULL, 'utf8', 'utf8_general_ci', 'varchar(64)', '', '', 'select', ''),
(NULL, 'information_schema', 'STATISTICS', 'NON_UNIQUE', 4, '0', 'NO', 'bigint', NULL, NULL, 19, 0, NULL, NULL, 'bigint(1)', '', '', 'select', ''),
(NULL, 'information_schema', 'STATISTICS', 'INDEX_SCHEMA', 5, '', 'NO', 'varchar', 64, 192, NULL, NULL, 'utf8', 'utf8_general_ci', 'varchar(64)', '', '', 'select', ''),
(NULL, 'information_schema', 'STATISTICS', 'INDEX_NAME', 6, '', 'NO', 'varchar', 64, 192, NULL, NULL, 'utf8', 'utf8_general_ci', 'varchar(64)', '', '', 'select', ''),
(NULL, 'information_schema', 'STATISTICS', 'SEQ_IN_INDEX', 7, '0', 'NO', 'bigint', NULL, NULL, 19, 0, NULL, NULL, 'bigint(2)', '', '', 'select', ''),
(NULL, 'information_schema', 'STATISTICS', 'COLUMN_NAME', 8, '', 'NO', 'varchar', 64, 192, NULL, NULL, 'utf8', 'utf8_general_ci', 'varchar(64)', '', '', 'select', ''),
(NULL, 'information_schema', 'STATISTICS', 'COLLATION', 9, NULL, 'YES', 'varchar', 1, 3, NULL, NULL, 'utf8', 'utf8_general_ci', 'varchar(1)', '', '', 'select', ''),
(NULL, 'information_schema', 'STATISTICS', 'CARDINALITY', 10, NULL, 'YES', 'bigint', NULL, NULL, 19, 0, NULL, NULL, 'bigint(21)', '', '', 'select', ''),
(NULL, 'information_schema', 'STATISTICS', 'SUB_PART', 11, NULL, 'YES', 'bigint', NULL, NULL, 19, 0, NULL, NULL, 'bigint(3)', '', '', 'select', ''),
(NULL, 'information_schema', 'STATISTICS', 'PACKED', 12, NULL, 'YES', 'varchar', 10, 30, NULL, NULL, 'utf8', 'utf8_general_ci', 'varchar(10)', '', '', 'select', ''),
(NULL, 'information_schema', 'STATISTICS', 'NULLABLE', 13, '', 'NO', 'varchar', 3, 9, NULL, NULL, 'utf8', 'utf8_general_ci', 'varchar(3)', '', '', 'select', ''),
(NULL, 'information_schema', 'STATISTICS', 'INDEX_TYPE', 14, '', 'NO', 'varchar', 16, 48, NULL, NULL, 'utf8', 'utf8_general_ci', 'varchar(16)', '', '', 'select', ''),
(NULL, 'information_schema', 'STATISTICS', 'COMMENT', 15, NULL, 'YES', 'varchar', 16, 48, NULL, NULL, 'utf8', 'utf8_general_ci', 'varchar(16)', '', '', 'select', ''),
(NULL, 'information_schema', 'TABLES', 'TABLE_CATALOG', 1, NULL, 'YES', 'varchar', 512, 1536, NULL, NULL, 'utf8', 'utf8_general_ci', 'varchar(512)', '', '', 'select', ''),
(NULL, 'information_schema', 'TABLES', 'TABLE_SCHEMA', 2, '', 'NO', 'varchar', 64, 192, NULL, NULL, 'utf8', 'utf8_general_ci', 'varchar(64)', '', '', 'select', ''),
(NULL, 'information_schema', 'TABLES', 'TABLE_NAME', 3, '', 'NO', 'varchar', 64, 192, NULL, NULL, 'utf8', 'utf8_general_ci', 'varchar(64)', '', '', 'select', ''),
(NULL, 'information_schema', 'TABLES', 'TABLE_TYPE', 4, '', 'NO', 'varchar', 64, 192, NULL, NULL, 'utf8', 'utf8_general_ci', 'varchar(64)', '', '', 'select', ''),
(NULL, 'information_schema', 'TABLES', 'ENGINE', 5, NULL, 'YES', 'varchar', 64, 192, NULL, NULL, 'utf8', 'utf8_general_ci', 'varchar(64)', '', '', 'select', ''),
(NULL, 'information_schema', 'TABLES', 'VERSION', 6, NULL, 'YES', 'bigint', NULL, NULL, 20, 0, NULL, NULL, 'bigint(21) unsigned', '', '', 'select', ''),
(NULL, 'information_schema', 'TABLES', 'ROW_FORMAT', 7, NULL, 'YES', 'varchar', 10, 30, NULL, NULL, 'utf8', 'utf8_general_ci', 'varchar(10)', '', '', 'select', ''),
(NULL, 'information_schema', 'TABLES', 'TABLE_ROWS', 8, NULL, 'YES', 'bigint', NULL, NULL, 20, 0, NULL, NULL, 'bigint(21) unsigned', '', '', 'select', ''),
(NULL, 'information_schema', 'TABLES', 'AVG_ROW_LENGTH', 9, NULL, 'YES', 'bigint', NULL, NULL, 20, 0, NULL, NULL, 'bigint(21) unsigned', '', '', 'select', ''),
(NULL, 'information_schema', 'TABLES', 'DATA_LENGTH', 10, NULL, 'YES', 'bigint', NULL, NULL, 20, 0, NULL, NULL, 'bigint(21) unsigned', '', '', 'select', ''),
(NULL, 'information_schema', 'TABLES', 'MAX_DATA_LENGTH', 11, NULL, 'YES', 'bigint', NULL, NULL, 20, 0, NULL, NULL, 'bigint(21) unsigned', '', '', 'select', ''),
(NULL, 'information_schema', 'TABLES', 'INDEX_LENGTH', 12, NULL, 'YES', 'bigint', NULL, NULL, 20, 0, NULL, NULL, 'bigint(21) unsigned', '', '', 'select', ''),
(NULL, 'information_schema', 'TABLES', 'DATA_FREE', 13, NULL, 'YES', 'bigint', NULL, NULL, 20, 0, NULL, NULL, 'bigint(21) unsigned', '', '', 'select', ''),
(NULL, 'information_schema', 'TABLES', 'AUTO_INCREMENT', 14, NULL, 'YES', 'bigint', NULL, NULL, 20, 0, NULL, NULL, 'bigint(21) unsigned', '', '', 'select', ''),
(NULL, 'information_schema', 'TABLES', 'CREATE_TIME', 15, NULL, 'YES', 'datetime', NULL, NULL, NULL, NULL, NULL, NULL, 'datetime', '', '', 'select', ''),
(NULL, 'information_schema', 'TABLES', 'UPDATE_TIME', 16, NULL, 'YES', 'datetime', NULL, NULL, NULL, NULL, NULL, NULL, 'datetime', '', '', 'select', ''),
(NULL, 'information_schema', 'TABLES', 'CHECK_TIME', 17, NULL, 'YES', 'datetime', NULL, NULL, NULL, NULL, NULL, NULL, 'datetime', '', '', 'select', ''),
(NULL, 'information_schema', 'TABLES', 'TABLE_COLLATION', 18, NULL, 'YES', 'varchar', 32, 96, NULL, NULL, 'utf8', 'utf8_general_ci', 'varchar(32)', '', '', 'select', ''),
(NULL, 'information_schema', 'TABLES', 'CHECKSUM', 19, NULL, 'YES', 'bigint', NULL, NULL, 20, 0, NULL, NULL, 'bigint(21) unsigned', '', '', 'select', ''),
(NULL, 'information_schema', 'TABLES', 'CREATE_OPTIONS', 20, NULL, 'YES', 'varchar', 255, 765, NULL, NULL, 'utf8', 'utf8_general_ci', 'varchar(255)', '', '', 'select', ''),
(NULL, 'information_schema', 'TABLES', 'TABLE_COMMENT', 21, '', 'NO', 'varchar', 80, 240, NULL, NULL, 'utf8', 'utf8_general_ci', 'varchar(80)', '', '', 'select', ''),
(NULL, 'information_schema', 'TABLE_CONSTRAINTS', 'CONSTRAINT_CATALOG', 1, NULL, 'YES', 'varchar', 512, 1536, NULL, NULL, 'utf8', 'utf8_general_ci', 'varchar(512)', '', '', 'select', ''),
(NULL, 'information_schema', 'TABLE_CONSTRAINTS', 'CONSTRAINT_SCHEMA', 2, '', 'NO', 'varchar', 64, 192, NULL, NULL, 'utf8', 'utf8_general_ci', 'varchar(64)', '', '', 'select', ''),
(NULL, 'information_schema', 'TABLE_CONSTRAINTS', 'CONSTRAINT_NAME', 3, '', 'NO', 'varchar', 64, 192, NULL, NULL, 'utf8', 'utf8_general_ci', 'varchar(64)', '', '', 'select', ''),
(NULL, 'information_schema', 'TABLE_CONSTRAINTS', 'TABLE_SCHEMA', 4, '', 'NO', 'varchar', 64, 192, NULL, NULL, 'utf8', 'utf8_general_ci', 'varchar(64)', '', '', 'select', ''),
(NULL, 'information_schema', 'TABLE_CONSTRAINTS', 'TABLE_NAME', 5, '', 'NO', 'varchar', 64, 192, NULL, NULL, 'utf8', 'utf8_general_ci', 'varchar(64)', '', '', 'select', ''),
(NULL, 'information_schema', 'TABLE_CONSTRAINTS', 'CONSTRAINT_TYPE', 6, '', 'NO', 'varchar', 64, 192, NULL, NULL, 'utf8', 'utf8_general_ci', 'varchar(64)', '', '', 'select', ''),
(NULL, 'information_schema', 'TABLE_PRIVILEGES', 'GRANTEE', 1, '', 'NO', 'varchar', 81, 243, NULL, NULL, 'utf8', 'utf8_general_ci', 'varchar(81)', '', '', 'select', ''),
(NULL, 'information_schema', 'TABLE_PRIVILEGES', 'TABLE_CATALOG', 2, NULL, 'YES', 'varchar', 512, 1536, NULL, NULL, 'utf8', 'utf8_general_ci', 'varchar(512)', '', '', 'select', ''),
(NULL, 'information_schema', 'TABLE_PRIVILEGES', 'TABLE_SCHEMA', 3, '', 'NO', 'varchar', 64, 192, NULL, NULL, 'utf8', 'utf8_general_ci', 'varchar(64)', '', '', 'select', ''),
(NULL, 'information_schema', 'TABLE_PRIVILEGES', 'TABLE_NAME', 4, '', 'NO', 'varchar', 64, 192, NULL, NULL, 'utf8', 'utf8_general_ci', 'varchar(64)', '', '', 'select', ''),
(NULL, 'information_schema', 'TABLE_PRIVILEGES', 'PRIVILEGE_TYPE', 5, '', 'NO', 'varchar', 64, 192, NULL, NULL, 'utf8', 'utf8_general_ci', 'varchar(64)', '', '', 'select', ''),
(NULL, 'information_schema', 'TABLE_PRIVILEGES', 'IS_GRANTABLE', 6, '', 'NO', 'varchar', 3, 9, NULL, NULL, 'utf8', 'utf8_general_ci', 'varchar(3)', '', '', 'select', ''),
(NULL, 'information_schema', 'TRIGGERS', 'TRIGGER_CATALOG', 1, NULL, 'YES', 'varchar', 512, 1536, NULL, NULL, 'utf8', 'utf8_general_ci', 'varchar(512)', '', '', 'select', ''),
(NULL, 'information_schema', 'TRIGGERS', 'TRIGGER_SCHEMA', 2, '', 'NO', 'varchar', 64, 192, NULL, NULL, 'utf8', 'utf8_general_ci', 'varchar(64)', '', '', 'select', ''),
(NULL, 'information_schema', 'TRIGGERS', 'TRIGGER_NAME', 3, '', 'NO', 'varchar', 64, 192, NULL, NULL, 'utf8', 'utf8_general_ci', 'varchar(64)', '', '', 'select', ''),
(NULL, 'information_schema', 'TRIGGERS', 'EVENT_MANIPULATION', 4, '', 'NO', 'varchar', 6, 18, NULL, NULL, 'utf8', 'utf8_general_ci', 'varchar(6)', '', '', 'select', ''),
(NULL, 'information_schema', 'TRIGGERS', 'EVENT_OBJECT_CATALOG', 5, NULL, 'YES', 'varchar', 512, 1536, NULL, NULL, 'utf8', 'utf8_general_ci', 'varchar(512)', '', '', 'select', ''),
(NULL, 'information_schema', 'TRIGGERS', 'EVENT_OBJECT_SCHEMA', 6, '', 'NO', 'varchar', 64, 192, NULL, NULL, 'utf8', 'utf8_general_ci', 'varchar(64)', '', '', 'select', ''),
(NULL, 'information_schema', 'TRIGGERS', 'EVENT_OBJECT_TABLE', 7, '', 'NO', 'varchar', 64, 192, NULL, NULL, 'utf8', 'utf8_general_ci', 'varchar(64)', '', '', 'select', ''),
(NULL, 'information_schema', 'TRIGGERS', 'ACTION_ORDER', 8, '0', 'NO', 'bigint', NULL, NULL, 19, 0, NULL, NULL, 'bigint(4)', '', '', 'select', ''),
(NULL, 'information_schema', 'TRIGGERS', 'ACTION_CONDITION', 9, NULL, 'YES', 'longtext', 4294967295, 4294967295, NULL, NULL, 'utf8', 'utf8_general_ci', 'longtext', '', '', 'select', ''),
(NULL, 'information_schema', 'TRIGGERS', 'ACTION_STATEMENT', 10, NULL, 'NO', 'longtext', 4294967295, 4294967295, NULL, NULL, 'utf8', 'utf8_general_ci', 'longtext', '', '', 'select', ''),
(NULL, 'information_schema', 'TRIGGERS', 'ACTION_ORIENTATION', 11, '', 'NO', 'varchar', 9, 27, NULL, NULL, 'utf8', 'utf8_general_ci', 'varchar(9)', '', '', 'select', ''),
(NULL, 'information_schema', 'TRIGGERS', 'ACTION_TIMING', 12, '', 'NO', 'varchar', 6, 18, NULL, NULL, 'utf8', 'utf8_general_ci', 'varchar(6)', '', '', 'select', ''),
(NULL, 'information_schema', 'TRIGGERS', 'ACTION_REFERENCE_OLD_TABLE', 13, NULL, 'YES', 'varchar', 64, 192, NULL, NULL, 'utf8', 'utf8_general_ci', 'varchar(64)', '', '', 'select', ''),
(NULL, 'information_schema', 'TRIGGERS', 'ACTION_REFERENCE_NEW_TABLE', 14, NULL, 'YES', 'varchar', 64, 192, NULL, NULL, 'utf8', 'utf8_general_ci', 'varchar(64)', '', '', 'select', ''),
(NULL, 'information_schema', 'TRIGGERS', 'ACTION_REFERENCE_OLD_ROW', 15, '', 'NO', 'varchar', 3, 9, NULL, NULL, 'utf8', 'utf8_general_ci', 'varchar(3)', '', '', 'select', ''),
(NULL, 'information_schema', 'TRIGGERS', 'ACTION_REFERENCE_NEW_ROW', 16, '', 'NO', 'varchar', 3, 9, NULL, NULL, 'utf8', 'utf8_general_ci', 'varchar(3)', '', '', 'select', ''),
(NULL, 'information_schema', 'TRIGGERS', 'CREATED', 17, NULL, 'YES', 'datetime', NULL, NULL, NULL, NULL, NULL, NULL, 'datetime', '', '', 'select', ''),
(NULL, 'information_schema', 'TRIGGERS', 'SQL_MODE', 18, '', 'NO', 'varchar', 8192, 24576, NULL, NULL, 'utf8', 'utf8_general_ci', 'varchar(8192)', '', '', 'select', ''),
(NULL, 'information_schema', 'TRIGGERS', 'DEFINER', 19, '', 'NO', 'varchar', 77, 231, NULL, NULL, 'utf8', 'utf8_general_ci', 'varchar(77)', '', '', 'select', ''),
(NULL, 'information_schema', 'TRIGGERS', 'CHARACTER_SET_CLIENT', 20, '', 'NO', 'varchar', 32, 96, NULL, NULL, 'utf8', 'utf8_general_ci', 'varchar(32)', '', '', 'select', ''),
(NULL, 'information_schema', 'TRIGGERS', 'COLLATION_CONNECTION', 21, '', 'NO', 'varchar', 32, 96, NULL, NULL, 'utf8', 'utf8_general_ci', 'varchar(32)', '', '', 'select', '');
INSERT INTO `COLUMNS` (`TABLE_CATALOG`, `TABLE_SCHEMA`, `TABLE_NAME`, `COLUMN_NAME`, `ORDINAL_POSITION`, `COLUMN_DEFAULT`, `IS_NULLABLE`, `DATA_TYPE`, `CHARACTER_MAXIMUM_LENGTH`, `CHARACTER_OCTET_LENGTH`, `NUMERIC_PRECISION`, `NUMERIC_SCALE`, `CHARACTER_SET_NAME`, `COLLATION_NAME`, `COLUMN_TYPE`, `COLUMN_KEY`, `EXTRA`, `PRIVILEGES`, `COLUMN_COMMENT`) VALUES
(NULL, 'information_schema', 'TRIGGERS', 'DATABASE_COLLATION', 22, '', 'NO', 'varchar', 32, 96, NULL, NULL, 'utf8', 'utf8_general_ci', 'varchar(32)', '', '', 'select', ''),
(NULL, 'information_schema', 'USER_PRIVILEGES', 'GRANTEE', 1, '', 'NO', 'varchar', 81, 243, NULL, NULL, 'utf8', 'utf8_general_ci', 'varchar(81)', '', '', 'select', ''),
(NULL, 'information_schema', 'USER_PRIVILEGES', 'TABLE_CATALOG', 2, NULL, 'YES', 'varchar', 512, 1536, NULL, NULL, 'utf8', 'utf8_general_ci', 'varchar(512)', '', '', 'select', ''),
(NULL, 'information_schema', 'USER_PRIVILEGES', 'PRIVILEGE_TYPE', 3, '', 'NO', 'varchar', 64, 192, NULL, NULL, 'utf8', 'utf8_general_ci', 'varchar(64)', '', '', 'select', ''),
(NULL, 'information_schema', 'USER_PRIVILEGES', 'IS_GRANTABLE', 4, '', 'NO', 'varchar', 3, 9, NULL, NULL, 'utf8', 'utf8_general_ci', 'varchar(3)', '', '', 'select', ''),
(NULL, 'information_schema', 'VIEWS', 'TABLE_CATALOG', 1, NULL, 'YES', 'varchar', 512, 1536, NULL, NULL, 'utf8', 'utf8_general_ci', 'varchar(512)', '', '', 'select', ''),
(NULL, 'information_schema', 'VIEWS', 'TABLE_SCHEMA', 2, '', 'NO', 'varchar', 64, 192, NULL, NULL, 'utf8', 'utf8_general_ci', 'varchar(64)', '', '', 'select', ''),
(NULL, 'information_schema', 'VIEWS', 'TABLE_NAME', 3, '', 'NO', 'varchar', 64, 192, NULL, NULL, 'utf8', 'utf8_general_ci', 'varchar(64)', '', '', 'select', ''),
(NULL, 'information_schema', 'VIEWS', 'VIEW_DEFINITION', 4, NULL, 'NO', 'longtext', 4294967295, 4294967295, NULL, NULL, 'utf8', 'utf8_general_ci', 'longtext', '', '', 'select', ''),
(NULL, 'information_schema', 'VIEWS', 'CHECK_OPTION', 5, '', 'NO', 'varchar', 8, 24, NULL, NULL, 'utf8', 'utf8_general_ci', 'varchar(8)', '', '', 'select', ''),
(NULL, 'information_schema', 'VIEWS', 'IS_UPDATABLE', 6, '', 'NO', 'varchar', 3, 9, NULL, NULL, 'utf8', 'utf8_general_ci', 'varchar(3)', '', '', 'select', ''),
(NULL, 'information_schema', 'VIEWS', 'DEFINER', 7, '', 'NO', 'varchar', 77, 231, NULL, NULL, 'utf8', 'utf8_general_ci', 'varchar(77)', '', '', 'select', ''),
(NULL, 'information_schema', 'VIEWS', 'SECURITY_TYPE', 8, '', 'NO', 'varchar', 7, 21, NULL, NULL, 'utf8', 'utf8_general_ci', 'varchar(7)', '', '', 'select', ''),
(NULL, 'information_schema', 'VIEWS', 'CHARACTER_SET_CLIENT', 9, '', 'NO', 'varchar', 32, 96, NULL, NULL, 'utf8', 'utf8_general_ci', 'varchar(32)', '', '', 'select', ''),
(NULL, 'information_schema', 'VIEWS', 'COLLATION_CONNECTION', 10, '', 'NO', 'varchar', 32, 96, NULL, NULL, 'utf8', 'utf8_general_ci', 'varchar(32)', '', '', 'select', ''),
(NULL, 'equipografico', 'cli', 'id', 1, NULL, 'NO', 'int', NULL, NULL, 10, 0, NULL, NULL, 'int(11)', 'PRI', 'auto_increment', 'select,insert,update,references', ''),
(NULL, 'equipografico', 'cli', 'razon', 2, NULL, 'NO', 'varchar', 45, 45, NULL, NULL, 'latin1', 'latin1_swedish_ci', 'varchar(45)', '', '', 'select,insert,update,references', ''),
(NULL, 'equipografico', 'cli', 'apellido', 3, NULL, 'NO', 'varchar', 45, 45, NULL, NULL, 'latin1', 'latin1_swedish_ci', 'varchar(45)', '', '', 'select,insert,update,references', ''),
(NULL, 'equipografico', 'cli', 'direccion', 4, NULL, 'NO', 'varchar', 45, 45, NULL, NULL, 'latin1', 'latin1_swedish_ci', 'varchar(45)', '', '', 'select,insert,update,references', ''),
(NULL, 'equipografico', 'cli', 'telefono', 5, NULL, 'NO', 'int', NULL, NULL, 10, 0, NULL, NULL, 'int(20)', '', '', 'select,insert,update,references', ''),
(NULL, 'equipografico', 'cli', 'email', 6, NULL, 'NO', 'varchar', 45, 45, NULL, NULL, 'latin1', 'latin1_swedish_ci', 'varchar(45)', '', '', 'select,insert,update,references', ''),
(NULL, 'equipografico', 'cli', 'cuit', 7, NULL, 'NO', 'int', NULL, NULL, 10, 0, NULL, NULL, 'int(45)', '', '', 'select,insert,update,references', ''),
(NULL, 'equipografico', 'pre', 'numpre', 1, NULL, 'NO', 'varchar', 10, 10, NULL, NULL, 'latin1', 'latin1_swedish_ci', 'varchar(10)', '', '', 'select,insert,update,references', ''),
(NULL, 'equipografico', 'pre', 'numcli', 2, NULL, 'NO', 'int', NULL, NULL, 10, 0, NULL, NULL, 'int(4)', '', '', 'select,insert,update,references', ''),
(NULL, 'equipografico', 'pre', 'fecha', 3, NULL, 'NO', 'varchar', 24, 24, NULL, NULL, 'latin1', 'latin1_swedish_ci', 'varchar(24)', '', '', 'select,insert,update,references', ''),
(NULL, 'equipografico', 'pre', 'manobra', 4, NULL, 'NO', 'varchar', 200, 600, NULL, NULL, 'utf8', 'utf8_spanish2_ci', 'varchar(200)', '', '', 'select,insert,update,references', ''),
(NULL, 'equipografico', 'pre', 'obsrv', 5, NULL, 'NO', 'varchar', 200, 200, NULL, NULL, 'latin1', 'latin1_swedish_ci', 'varchar(200)', '', '', 'select,insert,update,references', ''),
(NULL, 'equipografico', 'pre', 'precioman', 6, NULL, 'NO', 'float', NULL, NULL, 12, NULL, NULL, NULL, 'float', '', '', 'select,insert,update,references', ''),
(NULL, 'equipografico', 'prov', 'id', 1, NULL, 'NO', 'int', NULL, NULL, 10, 0, NULL, NULL, 'int(4)', '', '', 'select,insert,update,references', ''),
(NULL, 'equipografico', 'prov', 'razon', 2, NULL, 'NO', 'varchar', 45, 45, NULL, NULL, 'latin1', 'latin1_swedish_ci', 'varchar(45)', '', '', 'select,insert,update,references', ''),
(NULL, 'equipografico', 'prov', 'direccion', 3, NULL, 'NO', 'varchar', 45, 45, NULL, NULL, 'latin1', 'latin1_swedish_ci', 'varchar(45)', '', '', 'select,insert,update,references', ''),
(NULL, 'equipografico', 'prov', 'telefono', 4, NULL, 'NO', 'varchar', 45, 45, NULL, NULL, 'latin1', 'latin1_swedish_ci', 'varchar(45)', '', '', 'select,insert,update,references', ''),
(NULL, 'equipografico', 'prov', 'email', 5, NULL, 'NO', 'varchar', 45, 45, NULL, NULL, 'latin1', 'latin1_swedish_ci', 'varchar(45)', '', '', 'select,insert,update,references', ''),
(NULL, 'equipografico', 'prov', 'cuit', 6, NULL, 'NO', 'int', NULL, NULL, 10, 0, NULL, NULL, 'int(45)', '', '', 'select,insert,update,references', ''),
(NULL, 'equipografico', 'prov', 'ingbru', 7, NULL, 'NO', 'varchar', 10, 10, NULL, NULL, 'latin1', 'latin1_swedish_ci', 'varchar(10)', '', '', 'select,insert,update,references', ''),
(NULL, 'equipografico', 'registros', 'id', 1, NULL, 'NO', 'int', NULL, NULL, 10, 0, NULL, NULL, 'int(11)', 'PRI', 'auto_increment', 'select,insert,update,references', ''),
(NULL, 'equipografico', 'registros', 'nombre', 2, NULL, 'NO', 'varchar', 255, 255, NULL, NULL, 'latin1', 'latin1_swedish_ci', 'varchar(255)', '', '', 'select,insert,update,references', ''),
(NULL, 'equipografico', 'registros', 'passwor', 3, NULL, 'YES', 'varchar', 255, 255, NULL, NULL, 'latin1', 'latin1_swedish_ci', 'varchar(255)', '', '', 'select,insert,update,references', ''),
(NULL, 'equipografico', 'registros', 'perfil', 4, NULL, 'YES', 'int', NULL, NULL, 10, 0, NULL, NULL, 'int(1)', '', '', 'select,insert,update,references', ''),
(NULL, 'equipografico', 'registros', 'cli', 5, NULL, 'YES', 'varchar', 24, 24, NULL, NULL, 'latin1', 'latin1_swedish_ci', 'varchar(24)', '', '', 'select,insert,update,references', ''),
(NULL, 'equipografico', 'registros', 'activate', 6, NULL, 'YES', 'varchar', 20, 20, NULL, NULL, 'latin1', 'latin1_swedish_ci', 'varchar(20)', '', '', 'select,insert,update,references', ''),
(NULL, 'equipografico', 'registros', 'estado', 7, NULL, 'NO', 'int', NULL, NULL, 10, 0, NULL, NULL, 'int(1)', '', '', 'select,insert,update,references', ''),
(NULL, 'equipografico', 'stk', 'art', 1, NULL, 'NO', 'int', NULL, NULL, 10, 0, NULL, NULL, 'int(11)', '', '', 'select,insert,update,references', ''),
(NULL, 'equipografico', 'stk', 'descripcion', 2, NULL, 'NO', 'varchar', 45, 135, NULL, NULL, 'utf8', 'utf8_spanish2_ci', 'varchar(45)', '', '', 'select,insert,update,references', ''),
(NULL, 'equipografico', 'stk', 'provee', 3, NULL, 'NO', 'int', NULL, NULL, 10, 0, NULL, NULL, 'int(4)', '', '', 'select,insert,update,references', ''),
(NULL, 'equipografico', 'stk', 'marca', 4, NULL, 'NO', 'varchar', 45, 135, NULL, NULL, 'utf8', 'utf8_spanish2_ci', 'varchar(45)', '', '', 'select,insert,update,references', ''),
(NULL, 'equipografico', 'stk', 'modelo', 5, NULL, 'NO', 'varchar', 45, 135, NULL, NULL, 'utf8', 'utf8_spanish2_ci', 'varchar(45)', '', '', 'select,insert,update,references', ''),
(NULL, 'equipografico', 'stk', 'cod', 6, NULL, 'NO', 'varchar', 20, 20, NULL, NULL, 'latin1', 'latin1_swedish_ci', 'varchar(20)', '', '', 'select,insert,update,references', ''),
(NULL, 'equipografico', 'stk', 'reftec', 7, NULL, 'NO', 'varchar', 45, 135, NULL, NULL, 'utf8', 'utf8_spanish2_ci', 'varchar(45)', '', '', 'select,insert,update,references', ''),
(NULL, 'equipografico', 'stk', 'stock', 8, NULL, 'NO', 'int', NULL, NULL, 10, 0, NULL, NULL, 'int(20)', '', '', 'select,insert,update,references', ''),
(NULL, 'equipografico', 'stk', 'precio', 9, NULL, 'NO', 'float', NULL, NULL, 12, NULL, NULL, NULL, 'float', '', '', 'select,insert,update,references', ''),
(NULL, 'equipografico', 'tblrep', 'id', 1, NULL, 'NO', 'int', NULL, NULL, 10, 0, NULL, NULL, 'int(11)', '', '', 'select,insert,update,references', ''),
(NULL, 'equipografico', 'tblrep', 'numpre', 2, NULL, 'NO', 'varchar', 10, 10, NULL, NULL, 'latin1', 'latin1_swedish_ci', 'varchar(10)', '', '', 'select,insert,update,references', ''),
(NULL, 'equipografico', 'tblrep', 'art', 3, NULL, 'NO', 'int', NULL, NULL, 10, 0, NULL, NULL, 'int(4)', '', '', 'select,insert,update,references', ''),
(NULL, 'equipografico', 'tblrep', 'descripcion', 4, NULL, 'NO', 'varchar', 200, 600, NULL, NULL, 'utf8', 'utf8_spanish2_ci', 'varchar(200)', '', '', 'select,insert,update,references', ''),
(NULL, 'equipografico', 'tblrep', 'cant', 5, NULL, 'NO', 'int', NULL, NULL, 10, 0, NULL, NULL, 'int(4)', '', '', 'select,insert,update,references', ''),
(NULL, 'equipografico', 'tblrep', 'numcli', 6, NULL, 'NO', 'int', NULL, NULL, 10, 0, NULL, NULL, 'int(3)', '', '', 'select,insert,update,references', ''),
(NULL, 'equipografico', 'tblrep', 'precio', 7, NULL, 'NO', 'float', NULL, NULL, 12, NULL, NULL, NULL, 'float', '', '', 'select,insert,update,references', ''),
(NULL, 'equipografico', 'vehi', 'dom', 1, NULL, 'NO', 'varchar', 20, 20, NULL, NULL, 'latin1', 'latin1_swedish_ci', 'varchar(20)', '', '', 'select,insert,update,references', ''),
(NULL, 'equipografico', 'vehi', 'cliente', 2, NULL, 'NO', 'int', NULL, NULL, 10, 0, NULL, NULL, 'int(4)', '', '', 'select,insert,update,references', ''),
(NULL, 'equipografico', 'vehi', 'marca', 3, NULL, 'NO', 'varchar', 10, 30, NULL, NULL, 'utf8', 'utf8_spanish2_ci', 'varchar(10)', '', '', 'select,insert,update,references', ''),
(NULL, 'equipografico', 'vehi', 'modelo', 4, NULL, 'NO', 'varchar', 45, 135, NULL, NULL, 'utf8', 'utf8_spanish2_ci', 'varchar(45)', '', '', 'select,insert,update,references', ''),
(NULL, 'equipografico', 'vehi', 'color', 5, NULL, 'NO', 'varchar', 20, 60, NULL, NULL, 'utf8', 'utf8_spanish2_ci', 'varchar(20)', '', '', 'select,insert,update,references', ''),
(NULL, 'equipografico', 'vehi', 'ano', 6, NULL, 'NO', 'int', NULL, NULL, 10, 0, NULL, NULL, 'int(4)', '', '', 'select,insert,update,references', ''),
(NULL, 'equipografico', 'vehi', 'estado', 7, NULL, 'NO', 'int', NULL, NULL, 10, 0, NULL, NULL, 'int(1)', '', '', 'select,insert,update,references', '');

-- --------------------------------------------------------

--
-- Estructura de tabla para la tabla `COLUMN_PRIVILEGES`
--

CREATE TEMPORARY TABLE `COLUMN_PRIVILEGES` (
  `GRANTEE` varchar(81) NOT NULL DEFAULT '',
  `TABLE_CATALOG` varchar(512) DEFAULT NULL,
  `TABLE_SCHEMA` varchar(64) NOT NULL DEFAULT '',
  `TABLE_NAME` varchar(64) NOT NULL DEFAULT '',
  `COLUMN_NAME` varchar(64) NOT NULL DEFAULT '',
  `PRIVILEGE_TYPE` varchar(64) NOT NULL DEFAULT '',
  `IS_GRANTABLE` varchar(3) NOT NULL DEFAULT ''
) ENGINE=MEMORY DEFAULT CHARSET=utf8;

-- --------------------------------------------------------

--
-- Estructura de tabla para la tabla `ENGINES`
--

CREATE TEMPORARY TABLE `ENGINES` (
  `ENGINE` varchar(64) NOT NULL DEFAULT '',
  `SUPPORT` varchar(8) NOT NULL DEFAULT '',
  `COMMENT` varchar(80) NOT NULL DEFAULT '',
  `TRANSACTIONS` varchar(3) DEFAULT NULL,
  `XA` varchar(3) DEFAULT NULL,
  `SAVEPOINTS` varchar(3) DEFAULT NULL
) ENGINE=MEMORY DEFAULT CHARSET=utf8;

--
-- Volcado de datos para la tabla `ENGINES`
--

INSERT INTO `ENGINES` (`ENGINE`, `SUPPORT`, `COMMENT`, `TRANSACTIONS`, `XA`, `SAVEPOINTS`) VALUES
('MRG_MYISAM', 'YES', 'Collection of identical MyISAM tables', 'NO', 'NO', 'NO'),
('CSV', 'YES', 'CSV storage engine', 'NO', 'NO', 'NO'),
('MyISAM', 'DEFAULT', 'Default engine as of MySQL 3.23 with great performance', 'NO', 'NO', 'NO'),
('InnoDB', 'YES', 'Supports transactions, row-level locking, and foreign keys', 'YES', 'YES', 'YES'),
('MEMORY', 'YES', 'Hash based, stored in memory, useful for temporary tables', 'NO', 'NO', 'NO');

-- --------------------------------------------------------

--
-- Estructura de tabla para la tabla `EVENTS`
--

CREATE TEMPORARY TABLE `EVENTS` (
  `EVENT_CATALOG` varchar(64) DEFAULT NULL,
  `EVENT_SCHEMA` varchar(64) NOT NULL DEFAULT '',
  `EVENT_NAME` varchar(64) NOT NULL DEFAULT '',
  `DEFINER` varchar(77) NOT NULL DEFAULT '',
  `TIME_ZONE` varchar(64) NOT NULL DEFAULT '',
  `EVENT_BODY` varchar(8) NOT NULL DEFAULT '',
  `EVENT_DEFINITION` longtext NOT NULL,
  `EVENT_TYPE` varchar(9) NOT NULL DEFAULT '',
  `EXECUTE_AT` datetime DEFAULT NULL,
  `INTERVAL_VALUE` varchar(256) DEFAULT NULL,
  `INTERVAL_FIELD` varchar(18) DEFAULT NULL,
  `SQL_MODE` varchar(8192) NOT NULL DEFAULT '',
  `STARTS` datetime DEFAULT NULL,
  `ENDS` datetime DEFAULT NULL,
  `STATUS` varchar(18) NOT NULL DEFAULT '',
  `ON_COMPLETION` varchar(12) NOT NULL DEFAULT '',
  `CREATED` datetime NOT NULL DEFAULT '0000-00-00 00:00:00',
  `LAST_ALTERED` datetime NOT NULL DEFAULT '0000-00-00 00:00:00',
  `LAST_EXECUTED` datetime DEFAULT NULL,
  `EVENT_COMMENT` varchar(64) NOT NULL DEFAULT '',
  `ORIGINATOR` bigint(10) NOT NULL DEFAULT '0',
  `CHARACTER_SET_CLIENT` varchar(32) NOT NULL DEFAULT '',
  `COLLATION_CONNECTION` varchar(32) NOT NULL DEFAULT '',
  `DATABASE_COLLATION` varchar(32) NOT NULL DEFAULT ''
) ENGINE=MyISAM DEFAULT CHARSET=utf8;

-- --------------------------------------------------------

--
-- Estructura de tabla para la tabla `FILES`
--

CREATE TEMPORARY TABLE `FILES` (
  `FILE_ID` bigint(4) NOT NULL DEFAULT '0',
  `FILE_NAME` varchar(64) DEFAULT NULL,
  `FILE_TYPE` varchar(20) NOT NULL DEFAULT '',
  `TABLESPACE_NAME` varchar(64) DEFAULT NULL,
  `TABLE_CATALOG` varchar(64) DEFAULT NULL,
  `TABLE_SCHEMA` varchar(64) DEFAULT NULL,
  `TABLE_NAME` varchar(64) DEFAULT NULL,
  `LOGFILE_GROUP_NAME` varchar(64) DEFAULT NULL,
  `LOGFILE_GROUP_NUMBER` bigint(4) DEFAULT NULL,
  `ENGINE` varchar(64) NOT NULL DEFAULT '',
  `FULLTEXT_KEYS` varchar(64) DEFAULT NULL,
  `DELETED_ROWS` bigint(4) DEFAULT NULL,
  `UPDATE_COUNT` bigint(4) DEFAULT NULL,
  `FREE_EXTENTS` bigint(4) DEFAULT NULL,
  `TOTAL_EXTENTS` bigint(4) DEFAULT NULL,
  `EXTENT_SIZE` bigint(4) NOT NULL DEFAULT '0',
  `INITIAL_SIZE` bigint(21) unsigned DEFAULT NULL,
  `MAXIMUM_SIZE` bigint(21) unsigned DEFAULT NULL,
  `AUTOEXTEND_SIZE` bigint(21) unsigned DEFAULT NULL,
  `CREATION_TIME` datetime DEFAULT NULL,
  `LAST_UPDATE_TIME` datetime DEFAULT NULL,
  `LAST_ACCESS_TIME` datetime DEFAULT NULL,
  `RECOVER_TIME` bigint(4) DEFAULT NULL,
  `TRANSACTION_COUNTER` bigint(4) DEFAULT NULL,
  `VERSION` bigint(21) unsigned DEFAULT NULL,
  `ROW_FORMAT` varchar(10) DEFAULT NULL,
  `TABLE_ROWS` bigint(21) unsigned DEFAULT NULL,
  `AVG_ROW_LENGTH` bigint(21) unsigned DEFAULT NULL,
  `DATA_LENGTH` bigint(21) unsigned DEFAULT NULL,
  `MAX_DATA_LENGTH` bigint(21) unsigned DEFAULT NULL,
  `INDEX_LENGTH` bigint(21) unsigned DEFAULT NULL,
  `DATA_FREE` bigint(21) unsigned DEFAULT NULL,
  `CREATE_TIME` datetime DEFAULT NULL,
  `UPDATE_TIME` datetime DEFAULT NULL,
  `CHECK_TIME` datetime DEFAULT NULL,
  `CHECKSUM` bigint(21) unsigned DEFAULT NULL,
  `STATUS` varchar(20) NOT NULL DEFAULT '',
  `EXTRA` varchar(255) DEFAULT NULL
) ENGINE=MEMORY DEFAULT CHARSET=utf8;

-- --------------------------------------------------------

--
-- Estructura de tabla para la tabla `GLOBAL_STATUS`
--

CREATE TEMPORARY TABLE `GLOBAL_STATUS` (
  `VARIABLE_NAME` varchar(64) NOT NULL DEFAULT '',
  `VARIABLE_VALUE` varchar(1024) DEFAULT NULL
) ENGINE=MEMORY DEFAULT CHARSET=utf8;

--
-- Volcado de datos para la tabla `GLOBAL_STATUS`
--

INSERT INTO `GLOBAL_STATUS` (`VARIABLE_NAME`, `VARIABLE_VALUE`) VALUES
('ABORTED_CLIENTS', '471450'),
('ABORTED_CONNECTS', '210346'),
('BINLOG_CACHE_DISK_USE', '0'),
('BINLOG_CACHE_USE', '0'),
('BYTES_RECEIVED', '865295096425'),
('BYTES_SENT', '2200727017888'),
('COM_ADMIN_COMMANDS', '743805'),
('COM_ASSIGN_TO_KEYCACHE', '0'),
('COM_ALTER_DB', '0'),
('COM_ALTER_DB_UPGRADE', '0'),
('COM_ALTER_EVENT', '0'),
('COM_ALTER_FUNCTION', '0'),
('COM_ALTER_PROCEDURE', '0'),
('COM_ALTER_SERVER', '0'),
('COM_ALTER_TABLE', '181'),
('COM_ALTER_TABLESPACE', '0'),
('COM_ANALYZE', '0'),
('COM_BACKUP_TABLE', '0'),
('COM_BEGIN', '561'),
('COM_BINLOG', '0'),
('COM_CALL_PROCEDURE', '0'),
('COM_CHANGE_DB', '3587365'),
('COM_CHANGE_MASTER', '0'),
('COM_CHECK', '0'),
('COM_CHECKSUM', '0'),
('COM_COMMIT', '557'),
('COM_CREATE_DB', '8'),
('COM_CREATE_EVENT', '0'),
('COM_CREATE_FUNCTION', '0'),
('COM_CREATE_INDEX', '0'),
('COM_CREATE_PROCEDURE', '0'),
('COM_CREATE_SERVER', '0'),
('COM_CREATE_TABLE', '576'),
('COM_CREATE_TRIGGER', '0'),
('COM_CREATE_UDF', '0'),
('COM_CREATE_USER', '0'),
('COM_CREATE_VIEW', '0'),
('COM_DEALLOC_SQL', '0'),
('COM_DELETE', '4004729'),
('COM_DELETE_MULTI', '571'),
('COM_DO', '0'),
('COM_DROP_DB', '0'),
('COM_DROP_EVENT', '0'),
('COM_DROP_FUNCTION', '0'),
('COM_DROP_INDEX', '0'),
('COM_DROP_PROCEDURE', '0'),
('COM_DROP_SERVER', '0'),
('COM_DROP_TABLE', '139'),
('COM_DROP_TRIGGER', '0'),
('COM_DROP_USER', '0'),
('COM_DROP_VIEW', '0'),
('COM_EMPTY_QUERY', '2'),
('COM_EXECUTE_SQL', '0'),
('COM_FLUSH', '9'),
('COM_GRANT', '13'),
('COM_HA_CLOSE', '0'),
('COM_HA_OPEN', '0'),
('COM_HA_READ', '0'),
('COM_HELP', '0'),
('COM_INSERT', '20665508'),
('COM_INSERT_SELECT', '12'),
('COM_INSTALL_PLUGIN', '0'),
('COM_KILL', '0'),
('COM_LOAD', '0'),
('COM_LOAD_MASTER_DATA', '0'),
('COM_LOAD_MASTER_TABLE', '0'),
('COM_LOCK_TABLES', '42'),
('COM_OPTIMIZE', '61'),
('COM_PRELOAD_KEYS', '0'),
('COM_PREPARE_SQL', '0'),
('COM_PURGE', '0'),
('COM_PURGE_BEFORE_DATE', '0'),
('COM_RELEASE_SAVEPOINT', '0'),
('COM_RENAME_TABLE', '0'),
('COM_RENAME_USER', '0'),
('COM_REPAIR', '0'),
('COM_REPLACE', '6422'),
('COM_REPLACE_SELECT', '0'),
('COM_RESET', '0'),
('COM_RESTORE_TABLE', '0'),
('COM_REVOKE', '5'),
('COM_REVOKE_ALL', '0'),
('COM_ROLLBACK', '2'),
('COM_ROLLBACK_TO_SAVEPOINT', '0'),
('COM_SAVEPOINT', '0'),
('COM_SELECT', '226030001'),
('COM_SET_OPTION', '7173216'),
('COM_SHOW_AUTHORS', '0'),
('COM_SHOW_BINLOG_EVENTS', '0'),
('COM_SHOW_BINLOGS', '63'),
('COM_SHOW_CHARSETS', '136'),
('COM_SHOW_COLLATIONS', '136'),
('COM_SHOW_COLUMN_TYPES', '0'),
('COM_SHOW_CONTRIBUTORS', '0'),
('COM_SHOW_CREATE_DB', '0'),
('COM_SHOW_CREATE_EVENT', '0'),
('COM_SHOW_CREATE_FUNC', '0'),
('COM_SHOW_CREATE_PROC', '0'),
('COM_SHOW_CREATE_TABLE', '709'),
('COM_SHOW_CREATE_TRIGGER', '0'),
('COM_SHOW_DATABASES', '231'),
('COM_SHOW_ENGINE_LOGS', '0'),
('COM_SHOW_ENGINE_MUTEX', '0'),
('COM_SHOW_ENGINE_STATUS', '0'),
('COM_SHOW_EVENTS', '0'),
('COM_SHOW_ERRORS', '0'),
('COM_SHOW_FIELDS', '2673676'),
('COM_SHOW_FUNCTION_STATUS', '10'),
('COM_SHOW_GRANTS', '87'),
('COM_SHOW_KEYS', '225'),
('COM_SHOW_MASTER_STATUS', '46'),
('COM_SHOW_NEW_MASTER', '0'),
('COM_SHOW_OPEN_TABLES', '0'),
('COM_SHOW_PLUGINS', '338'),
('COM_SHOW_PRIVILEGES', '0'),
('COM_SHOW_PROCEDURE_STATUS', '10'),
('COM_SHOW_PROCESSLIST', '0'),
('COM_SHOW_PROFILE', '0'),
('COM_SHOW_PROFILES', '0'),
('COM_SHOW_SLAVE_HOSTS', '0'),
('COM_SHOW_SLAVE_STATUS', '46'),
('COM_SHOW_STATUS', '0'),
('COM_SHOW_STORAGE_ENGINES', '6'),
('COM_SHOW_TABLE_STATUS', '1295'),
('COM_SHOW_TABLES', '7503526'),
('COM_SHOW_TRIGGERS', '161'),
('COM_SHOW_VARIABLES', '190756'),
('COM_SHOW_WARNINGS', '18'),
('COM_SLAVE_START', '0'),
('COM_SLAVE_STOP', '0'),
('COM_STMT_CLOSE', '781'),
('COM_STMT_EXECUTE', '782'),
('COM_STMT_FETCH', '0'),
('COM_STMT_PREPARE', '782'),
('COM_STMT_REPREPARE', '0'),
('COM_STMT_RESET', '0'),
('COM_STMT_SEND_LONG_DATA', '0'),
('COM_TRUNCATE', '10030'),
('COM_UNINSTALL_PLUGIN', '0'),
('COM_UNLOCK_TABLES', '42'),
('COM_UPDATE', '6219703'),
('COM_UPDATE_MULTI', '1'),
('COM_XA_COMMIT', '0'),
('COM_XA_END', '0'),
('COM_XA_PREPARE', '0'),
('COM_XA_RECOVER', '0'),
('COM_XA_ROLLBACK', '0'),
('COM_XA_START', '0'),
('COMPRESSION', 'OFF'),
('CONNECTIONS', '4640469'),
('CREATED_TMP_DISK_TABLES', '16612547'),
('CREATED_TMP_FILES', '323'),
('CREATED_TMP_TABLES', '27583868'),
('DELAYED_ERRORS', '0'),
('DELAYED_INSERT_THREADS', '0'),
('DELAYED_WRITES', '0'),
('FLUSH_COMMANDS', '1'),
('HANDLER_COMMIT', '1768638'),
('HANDLER_DELETE', '4562575'),
('HANDLER_DISCOVER', '0'),
('HANDLER_PREPARE', '0'),
('HANDLER_READ_FIRST', '9157836'),
('HANDLER_READ_KEY', '1083191229'),
('HANDLER_READ_NEXT', '27987733221'),
('HANDLER_READ_PREV', '34681532'),
('HANDLER_READ_RND', '1025574859'),
('HANDLER_READ_RND_NEXT', '33262800202'),
('HANDLER_ROLLBACK', '135'),
('HANDLER_SAVEPOINT', '0'),
('HANDLER_SAVEPOINT_ROLLBACK', '0'),
('HANDLER_UPDATE', '23395514'),
('HANDLER_WRITE', '524690755'),
('INNODB_BUFFER_POOL_PAGES_DATA', '501'),
('INNODB_BUFFER_POOL_PAGES_DIRTY', '0'),
('INNODB_BUFFER_POOL_PAGES_FLUSHED', '227026'),
('INNODB_BUFFER_POOL_PAGES_FREE', '1'),
('INNODB_BUFFER_POOL_PAGES_MISC', '10'),
('INNODB_BUFFER_POOL_PAGES_TOTAL', '512'),
('INNODB_BUFFER_POOL_READ_AHEAD_RND', '222'),
('INNODB_BUFFER_POOL_READ_AHEAD_SEQ', '3'),
('INNODB_BUFFER_POOL_READ_REQUESTS', '72306240'),
('INNODB_BUFFER_POOL_READS', '7836'),
('INNODB_BUFFER_POOL_WAIT_FREE', '0'),
('INNODB_BUFFER_POOL_WRITE_REQUESTS', '2771356'),
('INNODB_DATA_FSYNCS', '271874'),
('INNODB_DATA_PENDING_FSYNCS', '0'),
('INNODB_DATA_PENDING_READS', '0'),
('INNODB_DATA_PENDING_WRITES', '0'),
('INNODB_DATA_READ', '154374144'),
('INNODB_DATA_READS', '8400'),
('INNODB_DATA_WRITES', '405368'),
('INNODB_DATA_WRITTEN', '8023072256'),
('INNODB_DBLWR_PAGES_WRITTEN', '227026'),
('INNODB_DBLWR_WRITES', '27745'),
('INNODB_LOG_WAITS', '0'),
('INNODB_LOG_WRITE_REQUESTS', '1016683'),
('INNODB_LOG_WRITES', '198773'),
('INNODB_OS_LOG_FSYNCS', '216701'),
('INNODB_OS_LOG_PENDING_FSYNCS', '0'),
('INNODB_OS_LOG_PENDING_WRITES', '0'),
('INNODB_OS_LOG_WRITTEN', '574777344'),
('INNODB_PAGE_SIZE', '16384'),
('INNODB_PAGES_CREATED', '5853'),
('INNODB_PAGES_READ', '9289'),
('INNODB_PAGES_WRITTEN', '227026'),
('INNODB_ROW_LOCK_CURRENT_WAITS', '0'),
('INNODB_ROW_LOCK_TIME', '3979'),
('INNODB_ROW_LOCK_TIME_AVG', '79'),
('INNODB_ROW_LOCK_TIME_MAX', '1063'),
('INNODB_ROW_LOCK_WAITS', '50'),
('INNODB_ROWS_DELETED', '119346'),
('INNODB_ROWS_INSERTED', '145732'),
('INNODB_ROWS_READ', '32130437'),
('INNODB_ROWS_UPDATED', '131169'),
('KEY_BLOCKS_NOT_FLUSHED', '0'),
('KEY_BLOCKS_UNUSED', '6242'),
('KEY_BLOCKS_USED', '5385'),
('KEY_READ_REQUESTS', '5564254675'),
('KEY_READS', '14454643'),
('KEY_WRITE_REQUESTS', '105059089'),
('KEY_WRITES', '24722727'),
('LAST_QUERY_COST', '0.000000'),
('MAX_USED_CONNECTIONS', '57'),
('NOT_FLUSHED_DELAYED_ROWS', '0'),
('OPEN_FILES', '125'),
('OPEN_STREAMS', '0'),
('OPEN_TABLE_DEFINITIONS', '256'),
('OPEN_TABLES', '64'),
('OPENED_FILES', '69367386'),
('OPENED_TABLE_DEFINITIONS', '189601'),
('OPENED_TABLES', '1641954'),
('PREPARED_STMT_COUNT', '0'),
('QCACHE_FREE_BLOCKS', '0'),
('QCACHE_FREE_MEMORY', '0'),
('QCACHE_HITS', '0'),
('QCACHE_INSERTS', '0'),
('QCACHE_LOWMEM_PRUNES', '0'),
('QCACHE_NOT_CACHED', '0'),
('QCACHE_QUERIES_IN_CACHE', '0'),
('QCACHE_TOTAL_BLOCKS', '0'),
('QUERIES', '282045294'),
('QUESTIONS', '282043731'),
('RPL_STATUS', 'NULL'),
('SELECT_FULL_JOIN', '111864'),
('SELECT_FULL_RANGE_JOIN', '20756'),
('SELECT_RANGE', '12025031'),
('SELECT_RANGE_CHECK', '22675'),
('SELECT_SCAN', '18114054'),
('SLAVE_OPEN_TEMP_TABLES', '0'),
('SLAVE_RETRIED_TRANSACTIONS', '0'),
('SLAVE_RUNNING', 'OFF'),
('SLOW_LAUNCH_THREADS', '0'),
('SLOW_QUERIES', '8084692'),
('SORT_MERGE_PASSES', '159'),
('SORT_RANGE', '27140220'),
('SORT_ROWS', '1162412329'),
('SORT_SCAN', '19543296'),
('SSL_ACCEPT_RENEGOTIATES', '0'),
('SSL_ACCEPTS', '0'),
('SSL_CALLBACK_CACHE_HITS', '0'),
('SSL_CIPHER', ''),
('SSL_CIPHER_LIST', ''),
('SSL_CLIENT_CONNECTS', '0'),
('SSL_CONNECT_RENEGOTIATES', '0'),
('SSL_CTX_VERIFY_DEPTH', '0'),
('SSL_CTX_VERIFY_MODE', '0'),
('SSL_DEFAULT_TIMEOUT', '0'),
('SSL_FINISHED_ACCEPTS', '0'),
('SSL_FINISHED_CONNECTS', '0'),
('SSL_SESSION_CACHE_HITS', '0'),
('SSL_SESSION_CACHE_MISSES', '0'),
('SSL_SESSION_CACHE_MODE', 'NONE'),
('SSL_SESSION_CACHE_OVERFLOWS', '0'),
('SSL_SESSION_CACHE_SIZE', '0'),
('SSL_SESSION_CACHE_TIMEOUTS', '0'),
('SSL_SESSIONS_REUSED', '0'),
('SSL_USED_SESSION_CACHE_ENTRIES', '0'),
('SSL_VERIFY_DEPTH', '0'),
('SSL_VERIFY_MODE', '0'),
('SSL_VERSION', ''),
('TABLE_LOCKS_IMMEDIATE', '294653110'),
('TABLE_LOCKS_WAITED', '47961'),
('TC_LOG_MAX_PAGES_USED', '0'),
('TC_LOG_PAGE_SIZE', '0'),
('TC_LOG_PAGE_WAITS', '0'),
('THREADS_CACHED', '0'),
('THREADS_CONNECTED', '4'),
('THREADS_CREATED', '4640468'),
('THREADS_RUNNING', '1'),
('UPTIME', '14877849'),
('UPTIME_SINCE_FLUSH_STATUS', '14877849');

-- --------------------------------------------------------

--
-- Estructura de tabla para la tabla `GLOBAL_VARIABLES`
--

CREATE TEMPORARY TABLE `GLOBAL_VARIABLES` (
  `VARIABLE_NAME` varchar(64) NOT NULL DEFAULT '',
  `VARIABLE_VALUE` varchar(1024) DEFAULT NULL
) ENGINE=MEMORY DEFAULT CHARSET=utf8;

--
-- Volcado de datos para la tabla `GLOBAL_VARIABLES`
--

INSERT INTO `GLOBAL_VARIABLES` (`VARIABLE_NAME`, `VARIABLE_VALUE`) VALUES
('MAX_PREPARED_STMT_COUNT', '16382'),
('CHARACTER_SETS_DIR', '/usr/share/mysql/charsets/'),
('HAVE_CRYPT', 'YES'),
('CONNECT_TIMEOUT', '10'),
('MYISAM_REPAIR_THREADS', '1'),
('AUTOMATIC_SP_PRIVILEGES', 'ON'),
('MAX_CONNECT_ERRORS', '10'),
('BINLOG_CACHE_SIZE', '32768'),
('INNODB_CONCURRENCY_TICKETS', '500'),
('BACK_LOG', '50'),
('MAX_CONNECTIONS', '151'),
('STORAGE_ENGINE', 'MyISAM'),
('DELAYED_INSERT_TIMEOUT', '300'),
('MAX_LENGTH_FOR_SORT_DATA', '1024'),
('LOG_BIN_TRUST_ROUTINE_CREATORS', 'OFF'),
('CHARACTER_SET_CONNECTION', 'latin1'),
('SSL_CIPHER', ''),
('CHARACTER_SET_RESULTS', 'latin1'),
('BASEDIR', '/usr/'),
('LARGE_PAGES', 'OFF'),
('UPDATABLE_VIEWS_WITH_LIMIT', 'YES'),
('TABLE_DEFINITION_CACHE', '256'),
('SLOW_LAUNCH_TIME', '2'),
('QUERY_ALLOC_BLOCK_SIZE', '8192'),
('INNODB_LOCK_WAIT_TIMEOUT', '50'),
('COMPLETION_TYPE', '0'),
('RELAY_LOG_INDEX', ''),
('COLLATION_SERVER', 'latin1_swedish_ci'),
('SQL_QUOTE_SHOW_CREATE', 'ON'),
('EVENT_SCHEDULER', 'OFF'),
('SQL_LOG_UPDATE', 'ON'),
('COLLATION_DATABASE', 'latin1_swedish_ci'),
('INNODB_USE_LEGACY_CARDINALITY_ALGORITHM', 'ON'),
('FT_MAX_WORD_LEN', '84'),
('LOCKED_IN_MEMORY', 'OFF'),
('CONCURRENT_INSERT', '1'),
('MYISAM_RECOVER_OPTIONS', 'OFF'),
('NET_WRITE_TIMEOUT', '60'),
('REPORT_HOST', ''),
('AUTO_INCREMENT_OFFSET', '1'),
('SSL_KEY', ''),
('FLUSH', 'OFF'),
('CHARACTER_SET_DATABASE', 'latin1'),
('DELAYED_INSERT_LIMIT', '100'),
('SLAVE_SKIP_ERRORS', 'OFF'),
('FT_QUERY_EXPANSION_LIMIT', '20'),
('INSERT_ID', '0'),
('SQL_LOW_PRIORITY_UPDATES', 'OFF'),
('RELAY_LOG_PURGE', 'ON'),
('LANGUAGE', '/usr/share/mysql/english/'),
('SKIP_SHOW_DATABASE', 'OFF'),
('KEY_CACHE_AGE_THRESHOLD', '300'),
('GROUP_CONCAT_MAX_LEN', '1024'),
('JOIN_BUFFER_SIZE', '131072'),
('INNODB_LOG_BUFFER_SIZE', '1048576'),
('LOG', 'OFF'),
('VERSION_COMPILE_MACHINE', 'x86_64'),
('READ_BUFFER_SIZE', '131072'),
('INNODB_MAX_PURGE_LAG', '0'),
('DELAYED_QUEUE_SIZE', '1000'),
('TRANSACTION_PREALLOC_SIZE', '4096'),
('INTERACTIVE_TIMEOUT', '28800'),
('VERSION_COMPILE_OS', 'redhat-linux-gnu'),
('WAIT_TIMEOUT', '28800'),
('SQL_NOTES', 'ON'),
('TABLE_OPEN_CACHE', '64'),
('LOW_PRIORITY_UPDATES', 'OFF'),
('LARGE_PAGE_SIZE', '0'),
('REPORT_PASSWORD', ''),
('INIT_SLAVE', ''),
('MAX_INSERT_DELAYED_THREADS', '20'),
('MAX_BINLOG_SIZE', '1073741824'),
('HAVE_COMPRESS', 'YES'),
('MAX_ERROR_COUNT', '64'),
('TRANSACTION_ALLOC_BLOCK_SIZE', '8192'),
('FT_MIN_WORD_LEN', '4'),
('THREAD_CACHE_SIZE', '0'),
('LOG_WARNINGS', '1'),
('INNODB_DOUBLEWRITE', 'ON'),
('SQL_LOG_OFF', 'OFF'),
('PSEUDO_THREAD_ID', '0'),
('MAX_LONG_DATA_SIZE', '1048576'),
('DEFAULT_WEEK_FORMAT', '0'),
('INNODB_FLUSH_METHOD', ''),
('LOG_OUTPUT', 'FILE'),
('LOWER_CASE_TABLE_NAMES', '0'),
('MAX_RELAY_LOG_SIZE', '0'),
('MYISAM_STATS_METHOD', 'nulls_unequal'),
('PROTOCOL_VERSION', '10'),
('NET_RETRY_COUNT', '10'),
('HAVE_SYMLINK', 'DISABLED'),
('MAX_SORT_LENGTH', '1024'),
('TIME_ZONE', 'SYSTEM'),
('MAX_HEAP_TABLE_SIZE', '16777216'),
('INNODB_TABLE_LOCKS', 'ON'),
('FT_BOOLEAN_SYNTAX', '+ -><()~*:""&|'),
('INNODB_AUTOEXTEND_INCREMENT', '8'),
('LOG_QUERIES_NOT_USING_INDEXES', 'ON'),
('MYISAM_DATA_POINTER_SIZE', '6'),
('NET_BUFFER_LENGTH', '16384'),
('INNODB_THREAD_SLEEP_DELAY', '10000'),
('FT_STOPWORD_FILE', '(built-in)'),
('SQL_AUTO_IS_NULL', 'ON'),
('DELAY_KEY_WRITE', 'ON'),
('SLAVE_TRANSACTION_RETRIES', '10'),
('MULTI_RANGE_COUNT', '256'),
('LOG_ERROR', '/var/log/mysqld.log'),
('LONG_QUERY_TIME', '2.000000'),
('GENERAL_LOG', 'OFF'),
('BULK_INSERT_BUFFER_SIZE', '8388608'),
('TABLE_TYPE', 'MyISAM'),
('SLAVE_MAX_ALLOWED_PACKET', '1073741824'),
('QUERY_CACHE_MIN_RES_UNIT', '4096'),
('MYISAM_USE_MMAP', 'OFF'),
('INNODB_STATS_ON_METADATA', 'ON'),
('MAX_BINLOG_CACHE_SIZE', '18446744073709547520'),
('INNODB_ROLLBACK_ON_TIMEOUT', 'OFF'),
('QUERY_CACHE_TYPE', 'ON'),
('PROFILING_HISTORY_SIZE', '15'),
('CHARACTER_SET_FILESYSTEM', 'binary'),
('INNODB_ADDITIONAL_MEM_POOL_SIZE', '1048576'),
('TX_ISOLATION', 'REPEATABLE-READ'),
('READ_RND_BUFFER_SIZE', '262144'),
('THREAD_HANDLING', 'one-thread-per-connection'),
('SECURE_AUTH', 'OFF'),
('BINLOG_DIRECT_NON_TRANSACTIONAL_UPDATES', 'OFF'),
('BIG_TABLES', 'OFF'),
('FLUSH_TIME', '0'),
('SQL_SELECT_LIMIT', '18446744073709551615'),
('HAVE_INNODB', 'YES'),
('DATE_FORMAT', '%Y-%m-%d'),
('OLD_PASSWORDS', 'OFF'),
('READ_ONLY', 'OFF'),
('QUERY_PREALLOC_SIZE', '8192'),
('RAND_SEED1', ''),
('SLOW_QUERY_LOG_FILE', '/var/run/mysqld/mysqld-slow.log'),
('INNODB_DATA_FILE_PATH', 'ibdata1:10M:autoextend'),
('MAX_SEEKS_FOR_KEY', '18446744073709551615'),
('QUERY_CACHE_LIMIT', '1048576'),
('SYSTEM_TIME_ZONE', '-03'),
('PROFILING', 'OFF'),
('SSL_CERT', ''),
('QUERY_CACHE_SIZE', '0'),
('MYISAM_MAX_SORT_FILE_SIZE', '9223372036853727232'),
('KEY_CACHE_DIVISION_LIMIT', '100'),
('THREAD_STACK', '262144'),
('GENERAL_LOG_FILE', '/var/run/mysqld/mysqld.log'),
('OPEN_FILES_LIMIT', '1024'),
('MYISAM_SORT_BUFFER_SIZE', '8388608'),
('SKIP_NAME_RESOLVE', 'OFF'),
('AUTO_INCREMENT_INCREMENT', '1'),
('LAST_INSERT_ID', '0'),
('TMPDIR', '/tmp'),
('PID_FILE', '/var/run/mysqld/mysqld.pid'),
('EXPIRE_LOGS_DAYS', '0'),
('MAX_TMP_TABLES', '32'),
('HAVE_PARTITIONING', 'YES'),
('MIN_EXAMINED_ROW_LIMIT', '0'),
('FOREIGN_KEY_CHECKS', 'ON'),
('LARGE_FILES_SUPPORT', 'ON'),
('RELAY_LOG_INFO_FILE', 'relay-log.info'),
('SSL_CAPATH', ''),
('INNODB_AUTOINC_LOCK_MODE', '1'),
('VERSION_COMMENT', 'Source distribution'),
('INNODB_COMMIT_CONCURRENCY', '0'),
('OPTIMIZER_SWITCH', 'index_merge=on,index_merge_union=on,index_merge_sort_union=on,index_merge_intersection=on'),
('INNODB_MIRRORED_LOG_GROUPS', '1'),
('OPTIMIZER_PRUNE_LEVEL', '1'),
('UNIQUE_CHECKS', 'ON'),
('QUERY_CACHE_WLOCK_INVALIDATE', 'OFF'),
('VERSION', '5.1.73'),
('MAX_WRITE_LOCK_COUNT', '18446744073709551615'),
('INNODB_SUPPORT_XA', 'ON'),
('TIMED_MUTEXES', 'OFF'),
('INNODB_SYNC_SPIN_LOOPS', '20'),
('INIT_FILE', ''),
('COLLATION_CONNECTION', 'latin1_swedish_ci'),
('LC_TIME_NAMES', 'en_US'),
('HAVE_QUERY_CACHE', 'YES'),
('SERVER_ID', '0'),
('INNODB_ADAPTIVE_HASH_INDEX', 'ON'),
('SKIP_NETWORKING', 'OFF'),
('RPL_RECOVERY_RANK', '0'),
('CHARACTER_SET_SYSTEM', 'utf8'),
('DIV_PRECISION_INCREMENT', '4'),
('INIT_CONNECT', ''),
('DATADIR', '/var/lib/mysql/'),
('OPTIMIZER_SEARCH_DEPTH', '62'),
('INNODB_DATA_HOME_DIR', ''),
('AUTOCOMMIT', 'ON'),
('SKIP_EXTERNAL_LOCKING', 'ON'),
('KEY_CACHE_BLOCK_SIZE', '1024'),
('SQL_SLAVE_SKIP_COUNTER', ''),
('SQL_BIG_TABLES', 'OFF'),
('TIME_FORMAT', '%H:%i:%s'),
('TMP_TABLE_SIZE', '16777216'),
('INNODB_FORCE_RECOVERY', '0'),
('TABLE_LOCK_WAIT_TIMEOUT', '50'),
('INNODB_LOG_FILES_IN_GROUP', '2'),
('CHARACTER_SET_SERVER', 'latin1'),
('ERROR_COUNT', '0'),
('HOSTNAME', 'ws08.host4g.com'),
('HAVE_DYNAMIC_LOADING', 'YES'),
('SQL_BUFFER_RESULT', 'OFF'),
('SYNC_BINLOG', '0'),
('LOG_BIN', 'OFF'),
('RELAY_LOG_SPACE_LIMIT', '0'),
('SQL_MODE', ''),
('INNODB_OPEN_FILES', '300'),
('MAX_USER_CONNECTIONS', '0'),
('OLD', 'OFF'),
('SLAVE_EXEC_MODE', 'STRICT'),
('INNODB_MAX_DIRTY_PAGES_PCT', '90'),
('SQL_MAX_JOIN_SIZE', '18446744073709551615'),
('HAVE_COMMUNITY_FEATURES', 'YES'),
('NEW', 'OFF'),
('KEY_BUFFER_SIZE', '8384512'),
('SECURE_FILE_PRIV', ''),
('HAVE_NDBCLUSTER', 'NO'),
('KEEP_FILES_ON_CREATE', 'OFF'),
('REPORT_PORT', '3306'),
('REPORT_USER', ''),
('INNODB_STATS_METHOD', 'nulls_equal'),
('ENGINE_CONDITION_PUSHDOWN', 'ON'),
('INNODB_FAST_SHUTDOWN', '1'),
('SQL_LOG_BIN', 'ON'),
('SSL_CA', ''),
('LOWER_CASE_FILE_SYSTEM', 'OFF'),
('INNODB_THREAD_CONCURRENCY', '8'),
('HAVE_CSV', 'YES'),
('SLAVE_NET_TIMEOUT', '3600'),
('SQL_SAFE_UPDATES', 'OFF'),
('INNODB_BUFFER_POOL_SIZE', '8388608'),
('PRELOAD_BUFFER_SIZE', '32768'),
('LOCAL_INFILE', 'ON'),
('SLAVE_COMPRESSED_PROTOCOL', 'OFF'),
('HAVE_RTREE_KEYS', 'YES'),
('HAVE_GEOMETRY', 'YES'),
('BINLOG_FORMAT', 'STATEMENT'),
('MAX_SP_RECURSION_DEPTH', '0'),
('OLD_ALTER_TABLE', 'OFF'),
('RELAY_LOG', ''),
('MYISAM_MMAP_SIZE', '18446744073709551615'),
('PLUGIN_DIR', '/usr/lib64/mysql/plugin'),
('LOG_SLOW_QUERIES', 'OFF'),
('IGNORE_BUILTIN_INNODB', 'OFF'),
('TIMESTAMP', '1518891058'),
('NET_READ_TIMEOUT', '30'),
('MAX_DELAYED_THREADS', '20'),
('SYNC_FRM', 'ON'),
('DATETIME_FORMAT', '%Y-%m-%d %H:%i:%s'),
('SLOW_QUERY_LOG', 'OFF'),
('INNODB_FLUSH_LOG_AT_TRX_COMMIT', '1'),
('WARNING_COUNT', '0'),
('INNODB_FILE_IO_THREADS', '4'),
('MAX_ALLOWED_PACKET', '1048576'),
('LICENSE', 'GPL'),
('SQL_BIG_SELECTS', 'ON'),
('RANGE_ALLOC_BLOCK_SIZE', '4096'),
('INNODB_CHECKSUMS', 'ON'),
('PORT', '3306'),
('INNODB_LOCKS_UNSAFE_FOR_BINLOG', 'OFF'),
('HAVE_SSL', 'DISABLED'),
('INNODB_LOG_FILE_SIZE', '5242880'),
('LOG_BIN_TRUST_FUNCTION_CREATORS', 'OFF'),
('LOG_SLAVE_UPDATES', 'OFF'),
('MAX_JOIN_SIZE', '18446744073709551615'),
('SORT_BUFFER_SIZE', '2097144'),
('HAVE_OPENSSL', 'DISABLED'),
('INNODB_FILE_PER_TABLE', 'OFF'),
('INNODB_LOG_GROUP_HOME_DIR', './'),
('SOCKET', '/var/lib/mysql/mysql.sock'),
('CHARACTER_SET_CLIENT', 'latin1'),
('RAND_SEED2', ''),
('IDENTITY', '0'),
('SQL_WARNINGS', 'OFF'),
('SLAVE_LOAD_TMPDIR', '/tmp');

-- --------------------------------------------------------

--
-- Estructura de tabla para la tabla `KEY_COLUMN_USAGE`
--

CREATE TEMPORARY TABLE `KEY_COLUMN_USAGE` (
  `CONSTRAINT_CATALOG` varchar(512) DEFAULT NULL,
  `CONSTRAINT_SCHEMA` varchar(64) NOT NULL DEFAULT '',
  `CONSTRAINT_NAME` varchar(64) NOT NULL DEFAULT '',
  `TABLE_CATALOG` varchar(512) DEFAULT NULL,
  `TABLE_SCHEMA` varchar(64) NOT NULL DEFAULT '',
  `TABLE_NAME` varchar(64) NOT NULL DEFAULT '',
  `COLUMN_NAME` varchar(64) NOT NULL DEFAULT '',
  `ORDINAL_POSITION` bigint(10) NOT NULL DEFAULT '0',
  `POSITION_IN_UNIQUE_CONSTRAINT` bigint(10) DEFAULT NULL,
  `REFERENCED_TABLE_SCHEMA` varchar(64) DEFAULT NULL,
  `REFERENCED_TABLE_NAME` varchar(64) DEFAULT NULL,
  `REFERENCED_COLUMN_NAME` varchar(64) DEFAULT NULL
) ENGINE=MEMORY DEFAULT CHARSET=utf8;

--
-- Volcado de datos para la tabla `KEY_COLUMN_USAGE`
--

INSERT INTO `KEY_COLUMN_USAGE` (`CONSTRAINT_CATALOG`, `CONSTRAINT_SCHEMA`, `CONSTRAINT_NAME`, `TABLE_CATALOG`, `TABLE_SCHEMA`, `TABLE_NAME`, `COLUMN_NAME`, `ORDINAL_POSITION`, `POSITION_IN_UNIQUE_CONSTRAINT`, `REFERENCED_TABLE_SCHEMA`, `REFERENCED_TABLE_NAME`, `REFERENCED_COLUMN_NAME`) VALUES
(NULL, 'equipografico', 'PRIMARY', NULL, 'equipografico', 'cli', 'id', 1, NULL, NULL, NULL, NULL),
(NULL, 'equipografico', 'PRIMARY', NULL, 'equipografico', 'registros', 'id', 1, NULL, NULL, NULL, NULL);

-- --------------------------------------------------------

--
-- Estructura de tabla para la tabla `PARTITIONS`
--

CREATE TEMPORARY TABLE `PARTITIONS` (
  `TABLE_CATALOG` varchar(512) DEFAULT NULL,
  `TABLE_SCHEMA` varchar(64) NOT NULL DEFAULT '',
  `TABLE_NAME` varchar(64) NOT NULL DEFAULT '',
  `PARTITION_NAME` varchar(64) DEFAULT NULL,
  `SUBPARTITION_NAME` varchar(64) DEFAULT NULL,
  `PARTITION_ORDINAL_POSITION` bigint(21) unsigned DEFAULT NULL,
  `SUBPARTITION_ORDINAL_POSITION` bigint(21) unsigned DEFAULT NULL,
  `PARTITION_METHOD` varchar(12) DEFAULT NULL,
  `SUBPARTITION_METHOD` varchar(12) DEFAULT NULL,
  `PARTITION_EXPRESSION` longtext,
  `SUBPARTITION_EXPRESSION` longtext,
  `PARTITION_DESCRIPTION` longtext,
  `TABLE_ROWS` bigint(21) unsigned NOT NULL DEFAULT '0',
  `AVG_ROW_LENGTH` bigint(21) unsigned NOT NULL DEFAULT '0',
  `DATA_LENGTH` bigint(21) unsigned NOT NULL DEFAULT '0',
  `MAX_DATA_LENGTH` bigint(21) unsigned DEFAULT NULL,
  `INDEX_LENGTH` bigint(21) unsigned NOT NULL DEFAULT '0',
  `DATA_FREE` bigint(21) unsigned NOT NULL DEFAULT '0',
  `CREATE_TIME` datetime DEFAULT NULL,
  `UPDATE_TIME` datetime DEFAULT NULL,
  `CHECK_TIME` datetime DEFAULT NULL,
  `CHECKSUM` bigint(21) unsigned DEFAULT NULL,
  `PARTITION_COMMENT` varchar(80) NOT NULL DEFAULT '',
  `NODEGROUP` varchar(12) NOT NULL DEFAULT '',
  `TABLESPACE_NAME` varchar(64) DEFAULT NULL
) ENGINE=MyISAM DEFAULT CHARSET=utf8;

--
-- Volcado de datos para la tabla `PARTITIONS`
--

INSERT INTO `PARTITIONS` (`TABLE_CATALOG`, `TABLE_SCHEMA`, `TABLE_NAME`, `PARTITION_NAME`, `SUBPARTITION_NAME`, `PARTITION_ORDINAL_POSITION`, `SUBPARTITION_ORDINAL_POSITION`, `PARTITION_METHOD`, `SUBPARTITION_METHOD`, `PARTITION_EXPRESSION`, `SUBPARTITION_EXPRESSION`, `PARTITION_DESCRIPTION`, `TABLE_ROWS`, `AVG_ROW_LENGTH`, `DATA_LENGTH`, `MAX_DATA_LENGTH`, `INDEX_LENGTH`, `DATA_FREE`, `CREATE_TIME`, `UPDATE_TIME`, `CHECK_TIME`, `CHECKSUM`, `PARTITION_COMMENT`, `NODEGROUP`, `TABLESPACE_NAME`) VALUES
(NULL, 'information_schema', 'CHARACTER_SETS', NULL, NULL, NULL, NULL, NULL, NULL, NULL, NULL, NULL, 0, 384, 0, 16434816, 0, 0, '2018-02-17 18:10:58', NULL, NULL, NULL, '', '', NULL),
(NULL, 'information_schema', 'COLLATIONS', NULL, NULL, NULL, NULL, NULL, NULL, NULL, NULL, NULL, 0, 231, 0, 16704765, 0, 0, '2018-02-17 18:10:58', NULL, NULL, NULL, '', '', NULL),
(NULL, 'information_schema', 'COLLATION_CHARACTER_SET_APPLICABILITY', NULL, NULL, NULL, NULL, NULL, NULL, NULL, NULL, NULL, 0, 195, 0, 16357770, 0, 0, '2018-02-17 18:10:58', NULL, NULL, NULL, '', '', NULL),
(NULL, 'information_schema', 'COLUMNS', NULL, NULL, NULL, NULL, NULL, NULL, NULL, NULL, NULL, 0, 0, 0, 281474976710655, 1024, 0, '2018-02-17 18:10:58', '2018-02-17 18:10:58', NULL, NULL, '', '', NULL),
(NULL, 'information_schema', 'COLUMN_PRIVILEGES', NULL, NULL, NULL, NULL, NULL, NULL, NULL, NULL, NULL, 0, 2565, 0, 16757145, 0, 0, '2018-02-17 18:10:58', NULL, NULL, NULL, '', '', NULL),
(NULL, 'information_schema', 'ENGINES', NULL, NULL, NULL, NULL, NULL, NULL, NULL, NULL, NULL, 0, 490, 0, 16574250, 0, 0, '2018-02-17 18:10:58', NULL, NULL, NULL, '', '', NULL),
(NULL, 'information_schema', 'EVENTS', NULL, NULL, NULL, NULL, NULL, NULL, NULL, NULL, NULL, 0, 0, 0, 281474976710655, 1024, 0, '2018-02-17 18:10:58', '2018-02-17 18:10:58', NULL, NULL, '', '', NULL),
(NULL, 'information_schema', 'FILES', NULL, NULL, NULL, NULL, NULL, NULL, NULL, NULL, NULL, 0, 2677, 0, 16758020, 0, 0, '2018-02-17 18:10:58', NULL, NULL, NULL, '', '', NULL),
(NULL, 'information_schema', 'GLOBAL_STATUS', NULL, NULL, NULL, NULL, NULL, NULL, NULL, NULL, NULL, 0, 3268, 0, 16755036, 0, 0, '2018-02-17 18:10:58', NULL, NULL, NULL, '', '', NULL),
(NULL, 'information_schema', 'GLOBAL_VARIABLES', NULL, NULL, NULL, NULL, NULL, NULL, NULL, NULL, NULL, 0, 3268, 0, 16755036, 0, 0, '2018-02-17 18:10:58', NULL, NULL, NULL, '', '', NULL),
(NULL, 'information_schema', 'KEY_COLUMN_USAGE', NULL, NULL, NULL, NULL, NULL, NULL, NULL, NULL, NULL, 0, 4637, 0, 16762755, 0, 0, '2018-02-17 18:10:58', NULL, NULL, NULL, '', '', NULL),
(NULL, 'information_schema', 'PARTITIONS', NULL, NULL, NULL, NULL, NULL, NULL, NULL, NULL, NULL, 0, 0, 0, 281474976710655, 1024, 0, '2018-02-17 18:10:58', '2018-02-17 18:10:58', NULL, NULL, '', '', NULL),
(NULL, 'information_schema', 'PLUGINS', NULL, NULL, NULL, NULL, NULL, NULL, NULL, NULL, NULL, 0, 0, 0, 281474976710655, 1024, 0, '2018-02-17 18:10:58', '2018-02-17 18:10:58', NULL, NULL, '', '', NULL),
(NULL, 'information_schema', 'PROCESSLIST', NULL, NULL, NULL, NULL, NULL, NULL, NULL, NULL, NULL, 0, 0, 0, 281474976710655, 1024, 0, '2018-02-17 18:10:58', '2018-02-17 18:10:58', NULL, NULL, '', '', NULL),
(NULL, 'information_schema', 'PROFILING', NULL, NULL, NULL, NULL, NULL, NULL, NULL, NULL, NULL, 0, 308, 0, 16562084, 0, 0, '2018-02-17 18:10:58', NULL, NULL, NULL, '', '', NULL),
(NULL, 'information_schema', 'REFERENTIAL_CONSTRAINTS', NULL, NULL, NULL, NULL, NULL, NULL, NULL, NULL, NULL, 0, 4814, 0, 16767162, 0, 0, '2018-02-17 18:10:58', NULL, NULL, NULL, '', '', NULL),
(NULL, 'information_schema', 'ROUTINES', NULL, NULL, NULL, NULL, NULL, NULL, NULL, NULL, NULL, 0, 0, 0, 281474976710655, 1024, 0, '2018-02-17 18:10:58', '2018-02-17 18:10:58', NULL, NULL, '', '', NULL),
(NULL, 'information_schema', 'SCHEMATA', NULL, NULL, NULL, NULL, NULL, NULL, NULL, NULL, NULL, 0, 3464, 0, 16738048, 0, 0, '2018-02-17 18:10:58', NULL, NULL, NULL, '', '', NULL),
(NULL, 'information_schema', 'SCHEMA_PRIVILEGES', NULL, NULL, NULL, NULL, NULL, NULL, NULL, NULL, NULL, 0, 2179, 0, 16736899, 0, 0, '2018-02-17 18:10:58', NULL, NULL, NULL, '', '', NULL),
(NULL, 'information_schema', 'SESSION_STATUS', NULL, NULL, NULL, NULL, NULL, NULL, NULL, NULL, NULL, 0, 3268, 0, 16755036, 0, 0, '2018-02-17 18:10:58', NULL, NULL, NULL, '', '', NULL),
(NULL, 'information_schema', 'SESSION_VARIABLES', NULL, NULL, NULL, NULL, NULL, NULL, NULL, NULL, NULL, 0, 3268, 0, 16755036, 0, 0, '2018-02-17 18:10:58', NULL, NULL, NULL, '', '', NULL),
(NULL, 'information_schema', 'STATISTICS', NULL, NULL, NULL, NULL, NULL, NULL, NULL, NULL, NULL, 0, 2679, 0, 16770540, 0, 0, '2018-02-17 18:10:58', NULL, NULL, NULL, '', '', NULL),
(NULL, 'information_schema', 'TABLES', NULL, NULL, NULL, NULL, NULL, NULL, NULL, NULL, NULL, 0, 3545, 0, 16743035, 0, 0, '2018-02-17 18:10:58', NULL, NULL, NULL, '', '', NULL),
(NULL, 'information_schema', 'TABLE_CONSTRAINTS', NULL, NULL, NULL, NULL, NULL, NULL, NULL, NULL, NULL, 0, 2504, 0, 16721712, 0, 0, '2018-02-17 18:10:58', NULL, NULL, NULL, '', '', NULL),
(NULL, 'information_schema', 'TABLE_PRIVILEGES', NULL, NULL, NULL, NULL, NULL, NULL, NULL, NULL, NULL, 0, 2372, 0, 16748692, 0, 0, '2018-02-17 18:10:58', NULL, NULL, NULL, '', '', NULL),
(NULL, 'information_schema', 'TRIGGERS', NULL, NULL, NULL, NULL, NULL, NULL, NULL, NULL, NULL, 0, 0, 0, 281474976710655, 1024, 0, '2018-02-17 18:10:58', '2018-02-17 18:10:58', NULL, NULL, '', '', NULL),
(NULL, 'information_schema', 'USER_PRIVILEGES', NULL, NULL, NULL, NULL, NULL, NULL, NULL, NULL, NULL, 0, 1986, 0, 16726092, 0, 0, '2018-02-17 18:10:58', NULL, NULL, NULL, '', '', NULL),
(NULL, 'information_schema', 'VIEWS', NULL, NULL, NULL, NULL, NULL, NULL, NULL, NULL, NULL, 0, 0, 0, 281474976710655, 1024, 0, '2018-02-17 18:10:58', '2018-02-17 18:10:58', NULL, NULL, '', '', NULL),
(NULL, 'equipografico', 'cli', NULL, NULL, NULL, NULL, NULL, NULL, NULL, NULL, NULL, 39, 74, 2924, 281474976710655, 2048, 0, '2017-12-14 02:59:14', '2017-12-14 03:00:04', NULL, NULL, '', '', NULL),
(NULL, 'equipografico', 'pre', NULL, NULL, NULL, NULL, NULL, NULL, NULL, NULL, NULL, 3, 78, 236, 281474976710655, 1024, 0, '2017-09-08 15:51:58', '2017-09-08 15:51:58', NULL, NULL, '', '', NULL),
(NULL, 'equipografico', 'prov', NULL, NULL, NULL, NULL, NULL, NULL, NULL, NULL, NULL, 21, 92, 1944, 281474976710655, 1024, 0, '2017-09-08 15:51:58', '2017-09-08 15:51:58', NULL, NULL, '', '', NULL),
(NULL, 'equipografico', 'registros', NULL, NULL, NULL, NULL, NULL, NULL, NULL, NULL, NULL, 10, 94, 948, 281474976710655, 2048, 0, '2017-12-14 03:04:25', '2017-12-14 03:05:43', NULL, NULL, '', '', NULL),
(NULL, 'equipografico', 'stk', NULL, NULL, NULL, NULL, NULL, NULL, NULL, NULL, NULL, 128, 92, 11808, 281474976710655, 1024, 0, '2017-09-08 15:55:43', '2017-09-08 15:58:12', NULL, NULL, '', '', NULL),
(NULL, 'equipografico', 'tblrep', NULL, NULL, NULL, NULL, NULL, NULL, NULL, NULL, NULL, 0, 0, 0, 281474976710655, 1024, 0, '2017-09-08 15:52:48', '2017-09-08 15:52:48', NULL, NULL, '', '', NULL),
(NULL, 'equipografico', 'vehi', NULL, NULL, NULL, NULL, NULL, NULL, NULL, NULL, NULL, 41, 62, 2548, 281474976710655, 1024, 0, '2017-09-08 15:53:40', '2017-09-08 15:53:54', NULL, NULL, '', '', NULL);

-- --------------------------------------------------------

--
-- Estructura de tabla para la tabla `PLUGINS`
--

CREATE TEMPORARY TABLE `PLUGINS` (
  `PLUGIN_NAME` varchar(64) NOT NULL DEFAULT '',
  `PLUGIN_VERSION` varchar(20) NOT NULL DEFAULT '',
  `PLUGIN_STATUS` varchar(10) NOT NULL DEFAULT '',
  `PLUGIN_TYPE` varchar(80) NOT NULL DEFAULT '',
  `PLUGIN_TYPE_VERSION` varchar(20) NOT NULL DEFAULT '',
  `PLUGIN_LIBRARY` varchar(64) DEFAULT NULL,
  `PLUGIN_LIBRARY_VERSION` varchar(20) DEFAULT NULL,
  `PLUGIN_AUTHOR` varchar(64) DEFAULT NULL,
  `PLUGIN_DESCRIPTION` longtext,
  `PLUGIN_LICENSE` varchar(80) DEFAULT NULL
) ENGINE=MyISAM DEFAULT CHARSET=utf8;

--
-- Volcado de datos para la tabla `PLUGINS`
--

INSERT INTO `PLUGINS` (`PLUGIN_NAME`, `PLUGIN_VERSION`, `PLUGIN_STATUS`, `PLUGIN_TYPE`, `PLUGIN_TYPE_VERSION`, `PLUGIN_LIBRARY`, `PLUGIN_LIBRARY_VERSION`, `PLUGIN_AUTHOR`, `PLUGIN_DESCRIPTION`, `PLUGIN_LICENSE`) VALUES
('binlog', '1.0', 'ACTIVE', 'STORAGE ENGINE', '50173.0', NULL, NULL, 'MySQL AB', 'This is a pseudo storage engine to represent the binlog in a transaction', 'GPL'),
('partition', '1.0', 'ACTIVE', 'STORAGE ENGINE', '50173.0', NULL, NULL, 'Mikael Ronstrom, MySQL AB', 'Partition Storage Engine Helper', 'GPL'),
('CSV', '1.0', 'ACTIVE', 'STORAGE ENGINE', '50173.0', NULL, NULL, 'Brian Aker, MySQL AB', 'CSV storage engine', 'GPL'),
('MEMORY', '1.0', 'ACTIVE', 'STORAGE ENGINE', '50173.0', NULL, NULL, 'MySQL AB', 'Hash based, stored in memory, useful for temporary tables', 'GPL'),
('InnoDB', '1.0', 'ACTIVE', 'STORAGE ENGINE', '50173.0', NULL, NULL, 'Innobase OY', 'Supports transactions, row-level locking, and foreign keys', 'GPL'),
('MyISAM', '1.0', 'ACTIVE', 'STORAGE ENGINE', '50173.0', NULL, NULL, 'MySQL AB', 'Default engine as of MySQL 3.23 with great performance', 'GPL'),
('MRG_MYISAM', '1.0', 'ACTIVE', 'STORAGE ENGINE', '50173.0', NULL, NULL, 'MySQL AB', 'Collection of identical MyISAM tables', 'GPL');

-- --------------------------------------------------------

--
-- Estructura de tabla para la tabla `PROCESSLIST`
--

CREATE TEMPORARY TABLE `PROCESSLIST` (
  `ID` bigint(4) NOT NULL DEFAULT '0',
  `USER` varchar(16) NOT NULL DEFAULT '',
  `HOST` varchar(64) NOT NULL DEFAULT '',
  `DB` varchar(64) DEFAULT NULL,
  `COMMAND` varchar(16) NOT NULL DEFAULT '',
  `TIME` int(7) NOT NULL DEFAULT '0',
  `STATE` varchar(64) DEFAULT NULL,
  `INFO` longtext
) ENGINE=MyISAM DEFAULT CHARSET=utf8;

--
-- Volcado de datos para la tabla `PROCESSLIST`
--

INSERT INTO `PROCESSLIST` (`ID`, `USER`, `HOST`, `DB`, `COMMAND`, `TIME`, `STATE`, `INFO`) VALUES
(4640468, 'equipografico', 'localhost', 'equipografico', 'Query', 0, 'executing', 'SELECT * FROM `information_schema`.`PROCESSLIST`');

-- --------------------------------------------------------

--
-- Estructura de tabla para la tabla `PROFILING`
--

CREATE TEMPORARY TABLE `PROFILING` (
  `QUERY_ID` int(20) NOT NULL DEFAULT '0',
  `SEQ` int(20) NOT NULL DEFAULT '0',
  `STATE` varchar(30) NOT NULL DEFAULT '',
  `DURATION` decimal(9,6) NOT NULL DEFAULT '0.000000',
  `CPU_USER` decimal(9,6) DEFAULT NULL,
  `CPU_SYSTEM` decimal(9,6) DEFAULT NULL,
  `CONTEXT_VOLUNTARY` int(20) DEFAULT NULL,
  `CONTEXT_INVOLUNTARY` int(20) DEFAULT NULL,
  `BLOCK_OPS_IN` int(20) DEFAULT NULL,
  `BLOCK_OPS_OUT` int(20) DEFAULT NULL,
  `MESSAGES_SENT` int(20) DEFAULT NULL,
  `MESSAGES_RECEIVED` int(20) DEFAULT NULL,
  `PAGE_FAULTS_MAJOR` int(20) DEFAULT NULL,
  `PAGE_FAULTS_MINOR` int(20) DEFAULT NULL,
  `SWAPS` int(20) DEFAULT NULL,
  `SOURCE_FUNCTION` varchar(30) DEFAULT NULL,
  `SOURCE_FILE` varchar(20) DEFAULT NULL,
  `SOURCE_LINE` int(20) DEFAULT NULL
) ENGINE=MEMORY DEFAULT CHARSET=utf8;

-- --------------------------------------------------------

--
-- Estructura de tabla para la tabla `REFERENTIAL_CONSTRAINTS`
--

CREATE TEMPORARY TABLE `REFERENTIAL_CONSTRAINTS` (
  `CONSTRAINT_CATALOG` varchar(512) DEFAULT NULL,
  `CONSTRAINT_SCHEMA` varchar(64) NOT NULL DEFAULT '',
  `CONSTRAINT_NAME` varchar(64) NOT NULL DEFAULT '',
  `UNIQUE_CONSTRAINT_CATALOG` varchar(512) DEFAULT NULL,
  `UNIQUE_CONSTRAINT_SCHEMA` varchar(64) NOT NULL DEFAULT '',
  `UNIQUE_CONSTRAINT_NAME` varchar(64) DEFAULT NULL,
  `MATCH_OPTION` varchar(64) NOT NULL DEFAULT '',
  `UPDATE_RULE` varchar(64) NOT NULL DEFAULT '',
  `DELETE_RULE` varchar(64) NOT NULL DEFAULT '',
  `TABLE_NAME` varchar(64) NOT NULL DEFAULT '',
  `REFERENCED_TABLE_NAME` varchar(64) NOT NULL DEFAULT ''
) ENGINE=MEMORY DEFAULT CHARSET=utf8;

-- --------------------------------------------------------

--
-- Estructura de tabla para la tabla `ROUTINES`
--

CREATE TEMPORARY TABLE `ROUTINES` (
  `SPECIFIC_NAME` varchar(64) NOT NULL DEFAULT '',
  `ROUTINE_CATALOG` varchar(512) DEFAULT NULL,
  `ROUTINE_SCHEMA` varchar(64) NOT NULL DEFAULT '',
  `ROUTINE_NAME` varchar(64) NOT NULL DEFAULT '',
  `ROUTINE_TYPE` varchar(9) NOT NULL DEFAULT '',
  `DTD_IDENTIFIER` varchar(64) DEFAULT NULL,
  `ROUTINE_BODY` varchar(8) NOT NULL DEFAULT '',
  `ROUTINE_DEFINITION` longtext,
  `EXTERNAL_NAME` varchar(64) DEFAULT NULL,
  `EXTERNAL_LANGUAGE` varchar(64) DEFAULT NULL,
  `PARAMETER_STYLE` varchar(8) NOT NULL DEFAULT '',
  `IS_DETERMINISTIC` varchar(3) NOT NULL DEFAULT '',
  `SQL_DATA_ACCESS` varchar(64) NOT NULL DEFAULT '',
  `SQL_PATH` varchar(64) DEFAULT NULL,
  `SECURITY_TYPE` varchar(7) NOT NULL DEFAULT '',
  `CREATED` datetime NOT NULL DEFAULT '0000-00-00 00:00:00',
  `LAST_ALTERED` datetime NOT NULL DEFAULT '0000-00-00 00:00:00',
  `SQL_MODE` varchar(8192) NOT NULL DEFAULT '',
  `ROUTINE_COMMENT` varchar(64) NOT NULL DEFAULT '',
  `DEFINER` varchar(77) NOT NULL DEFAULT '',
  `CHARACTER_SET_CLIENT` varchar(32) NOT NULL DEFAULT '',
  `COLLATION_CONNECTION` varchar(32) NOT NULL DEFAULT '',
  `DATABASE_COLLATION` varchar(32) NOT NULL DEFAULT ''
) ENGINE=MyISAM DEFAULT CHARSET=utf8;

-- --------------------------------------------------------

--
-- Estructura de tabla para la tabla `SCHEMATA`
--

CREATE TEMPORARY TABLE `SCHEMATA` (
  `CATALOG_NAME` varchar(512) DEFAULT NULL,
  `SCHEMA_NAME` varchar(64) NOT NULL DEFAULT '',
  `DEFAULT_CHARACTER_SET_NAME` varchar(32) NOT NULL DEFAULT '',
  `DEFAULT_COLLATION_NAME` varchar(32) NOT NULL DEFAULT '',
  `SQL_PATH` varchar(512) DEFAULT NULL
) ENGINE=MEMORY DEFAULT CHARSET=utf8;

--
-- Volcado de datos para la tabla `SCHEMATA`
--

INSERT INTO `SCHEMATA` (`CATALOG_NAME`, `SCHEMA_NAME`, `DEFAULT_CHARACTER_SET_NAME`, `DEFAULT_COLLATION_NAME`, `SQL_PATH`) VALUES
(NULL, 'information_schema', 'utf8', 'utf8_general_ci', NULL),
(NULL, 'equipografico', 'latin1', 'latin1_swedish_ci', NULL);

-- --------------------------------------------------------

--
-- Estructura de tabla para la tabla `SCHEMA_PRIVILEGES`
--

CREATE TEMPORARY TABLE `SCHEMA_PRIVILEGES` (
  `GRANTEE` varchar(81) NOT NULL DEFAULT '',
  `TABLE_CATALOG` varchar(512) DEFAULT NULL,
  `TABLE_SCHEMA` varchar(64) NOT NULL DEFAULT '',
  `PRIVILEGE_TYPE` varchar(64) NOT NULL DEFAULT '',
  `IS_GRANTABLE` varchar(3) NOT NULL DEFAULT ''
) ENGINE=MEMORY DEFAULT CHARSET=utf8;

--
-- Volcado de datos para la tabla `SCHEMA_PRIVILEGES`
--

INSERT INTO `SCHEMA_PRIVILEGES` (`GRANTEE`, `TABLE_CATALOG`, `TABLE_SCHEMA`, `PRIVILEGE_TYPE`, `IS_GRANTABLE`) VALUES
('''equipografico''@''localhost''', NULL, 'equipografico', 'SELECT', 'NO'),
('''equipografico''@''localhost''', NULL, 'equipografico', 'INSERT', 'NO'),
('''equipografico''@''localhost''', NULL, 'equipografico', 'UPDATE', 'NO'),
('''equipografico''@''localhost''', NULL, 'equipografico', 'DELETE', 'NO'),
('''equipografico''@''localhost''', NULL, 'equipografico', 'CREATE', 'NO'),
('''equipografico''@''localhost''', NULL, 'equipografico', 'DROP', 'NO'),
('''equipografico''@''localhost''', NULL, 'equipografico', 'REFERENCES', 'NO'),
('''equipografico''@''localhost''', NULL, 'equipografico', 'INDEX', 'NO'),
('''equipografico''@''localhost''', NULL, 'equipografico', 'ALTER', 'NO'),
('''equipografico''@''localhost''', NULL, 'equipografico', 'CREATE TEMPORARY TABLES', 'NO'),
('''equipografico''@''localhost''', NULL, 'equipografico', 'LOCK TABLES', 'NO'),
('''equipografico''@''localhost''', NULL, 'equipografico', 'EXECUTE', 'NO'),
('''equipografico''@''localhost''', NULL, 'equipografico', 'CREATE VIEW', 'NO'),
('''equipografico''@''localhost''', NULL, 'equipografico', 'SHOW VIEW', 'NO'),
('''equipografico''@''localhost''', NULL, 'equipografico', 'CREATE ROUTINE', 'NO'),
('''equipografico''@''localhost''', NULL, 'equipografico', 'ALTER ROUTINE', 'NO'),
('''equipografico''@''localhost''', NULL, 'equipografico', 'EVENT', 'NO'),
('''equipografico''@''localhost''', NULL, 'equipografico', 'TRIGGER', 'NO');

-- --------------------------------------------------------

--
-- Estructura de tabla para la tabla `SESSION_STATUS`
--

CREATE TEMPORARY TABLE `SESSION_STATUS` (
  `VARIABLE_NAME` varchar(64) NOT NULL DEFAULT '',
  `VARIABLE_VALUE` varchar(1024) DEFAULT NULL
) ENGINE=MEMORY DEFAULT CHARSET=utf8;

--
-- Volcado de datos para la tabla `SESSION_STATUS`
--

INSERT INTO `SESSION_STATUS` (`VARIABLE_NAME`, `VARIABLE_VALUE`) VALUES
('ABORTED_CLIENTS', '471450'),
('ABORTED_CONNECTS', '210346'),
('BINLOG_CACHE_DISK_USE', '0'),
('BINLOG_CACHE_USE', '0'),
('BYTES_RECEIVED', '9561'),
('BYTES_SENT', '208574'),
('COM_ADMIN_COMMANDS', '0'),
('COM_ASSIGN_TO_KEYCACHE', '0'),
('COM_ALTER_DB', '0'),
('COM_ALTER_DB_UPGRADE', '0'),
('COM_ALTER_EVENT', '0'),
('COM_ALTER_FUNCTION', '0'),
('COM_ALTER_PROCEDURE', '0'),
('COM_ALTER_SERVER', '0'),
('COM_ALTER_TABLE', '0'),
('COM_ALTER_TABLESPACE', '0'),
('COM_ANALYZE', '0'),
('COM_BACKUP_TABLE', '0'),
('COM_BEGIN', '0'),
('COM_BINLOG', '0'),
('COM_CALL_PROCEDURE', '0'),
('COM_CHANGE_DB', '2'),
('COM_CHANGE_MASTER', '0'),
('COM_CHECK', '0'),
('COM_CHECKSUM', '0'),
('COM_COMMIT', '0'),
('COM_CREATE_DB', '0'),
('COM_CREATE_EVENT', '0'),
('COM_CREATE_FUNCTION', '0'),
('COM_CREATE_INDEX', '0'),
('COM_CREATE_PROCEDURE', '0'),
('COM_CREATE_SERVER', '0'),
('COM_CREATE_TABLE', '0'),
('COM_CREATE_TRIGGER', '0'),
('COM_CREATE_UDF', '0'),
('COM_CREATE_USER', '0'),
('COM_CREATE_VIEW', '0'),
('COM_DEALLOC_SQL', '0'),
('COM_DELETE', '0'),
('COM_DELETE_MULTI', '0'),
('COM_DO', '0'),
('COM_DROP_DB', '0'),
('COM_DROP_EVENT', '0'),
('COM_DROP_FUNCTION', '0'),
('COM_DROP_INDEX', '0'),
('COM_DROP_PROCEDURE', '0'),
('COM_DROP_SERVER', '0'),
('COM_DROP_TABLE', '0'),
('COM_DROP_TRIGGER', '0'),
('COM_DROP_USER', '0'),
('COM_DROP_VIEW', '0'),
('COM_EMPTY_QUERY', '0'),
('COM_EXECUTE_SQL', '0'),
('COM_FLUSH', '0'),
('COM_GRANT', '0'),
('COM_HA_CLOSE', '0'),
('COM_HA_OPEN', '0'),
('COM_HA_READ', '0'),
('COM_HELP', '0'),
('COM_INSERT', '0'),
('COM_INSERT_SELECT', '0'),
('COM_INSTALL_PLUGIN', '0'),
('COM_KILL', '0'),
('COM_LOAD', '0'),
('COM_LOAD_MASTER_DATA', '0'),
('COM_LOAD_MASTER_TABLE', '0'),
('COM_LOCK_TABLES', '0'),
('COM_OPTIMIZE', '0'),
('COM_PRELOAD_KEYS', '0'),
('COM_PREPARE_SQL', '0'),
('COM_PURGE', '0'),
('COM_PURGE_BEFORE_DATE', '0'),
('COM_RELEASE_SAVEPOINT', '0'),
('COM_RENAME_TABLE', '0'),
('COM_RENAME_USER', '0'),
('COM_REPAIR', '0'),
('COM_REPLACE', '0'),
('COM_REPLACE_SELECT', '0'),
('COM_RESET', '0'),
('COM_RESTORE_TABLE', '0'),
('COM_REVOKE', '0'),
('COM_REVOKE_ALL', '0'),
('COM_ROLLBACK', '0'),
('COM_ROLLBACK_TO_SAVEPOINT', '0'),
('COM_SAVEPOINT', '0'),
('COM_SELECT', '29'),
('COM_SET_OPTION', '30'),
('COM_SHOW_AUTHORS', '0'),
('COM_SHOW_BINLOG_EVENTS', '0'),
('COM_SHOW_BINLOGS', '0'),
('COM_SHOW_CHARSETS', '0'),
('COM_SHOW_COLLATIONS', '0'),
('COM_SHOW_COLUMN_TYPES', '0'),
('COM_SHOW_CONTRIBUTORS', '0'),
('COM_SHOW_CREATE_DB', '0'),
('COM_SHOW_CREATE_EVENT', '0'),
('COM_SHOW_CREATE_FUNC', '0'),
('COM_SHOW_CREATE_PROC', '0'),
('COM_SHOW_CREATE_TABLE', '27'),
('COM_SHOW_CREATE_TRIGGER', '0'),
('COM_SHOW_DATABASES', '1'),
('COM_SHOW_ENGINE_LOGS', '0'),
('COM_SHOW_ENGINE_MUTEX', '0'),
('COM_SHOW_ENGINE_STATUS', '0'),
('COM_SHOW_EVENTS', '0'),
('COM_SHOW_ERRORS', '0'),
('COM_SHOW_FIELDS', '0'),
('COM_SHOW_FUNCTION_STATUS', '2'),
('COM_SHOW_GRANTS', '0'),
('COM_SHOW_KEYS', '0'),
('COM_SHOW_MASTER_STATUS', '0'),
('COM_SHOW_NEW_MASTER', '0'),
('COM_SHOW_OPEN_TABLES', '0'),
('COM_SHOW_PLUGINS', '1'),
('COM_SHOW_PRIVILEGES', '0'),
('COM_SHOW_PROCEDURE_STATUS', '2'),
('COM_SHOW_PROCESSLIST', '0'),
('COM_SHOW_PROFILE', '0'),
('COM_SHOW_PROFILES', '0'),
('COM_SHOW_SLAVE_HOSTS', '0'),
('COM_SHOW_SLAVE_STATUS', '0'),
('COM_SHOW_STATUS', '0'),
('COM_SHOW_STORAGE_ENGINES', '0'),
('COM_SHOW_TABLE_STATUS', '54'),
('COM_SHOW_TABLES', '2'),
('COM_SHOW_TRIGGERS', '26'),
('COM_SHOW_VARIABLES', '1'),
('COM_SHOW_WARNINGS', '0'),
('COM_SLAVE_START', '0'),
('COM_SLAVE_STOP', '0'),
('COM_STMT_CLOSE', '0'),
('COM_STMT_EXECUTE', '0'),
('COM_STMT_FETCH', '0'),
('COM_STMT_PREPARE', '0'),
('COM_STMT_REPREPARE', '0'),
('COM_STMT_RESET', '0'),
('COM_STMT_SEND_LONG_DATA', '0'),
('COM_TRUNCATE', '0'),
('COM_UNINSTALL_PLUGIN', '0'),
('COM_UNLOCK_TABLES', '0'),
('COM_UPDATE', '0'),
('COM_UPDATE_MULTI', '0'),
('COM_XA_COMMIT', '0'),
('COM_XA_END', '0'),
('COM_XA_PREPARE', '0'),
('COM_XA_RECOVER', '0'),
('COM_XA_ROLLBACK', '0'),
('COM_XA_START', '0'),
('COMPRESSION', 'OFF'),
('CONNECTIONS', '4640469'),
('CREATED_TMP_DISK_TABLES', '94'),
('CREATED_TMP_FILES', '323'),
('CREATED_TMP_TABLES', '301'),
('DELAYED_ERRORS', '0'),
('DELAYED_INSERT_THREADS', '0'),
('DELAYED_WRITES', '0'),
('FLUSH_COMMANDS', '1'),
('HANDLER_COMMIT', '0'),
('HANDLER_DELETE', '0'),
('HANDLER_DISCOVER', '0'),
('HANDLER_PREPARE', '0'),
('HANDLER_READ_FIRST', '6'),
('HANDLER_READ_KEY', '0'),
('HANDLER_READ_NEXT', '160'),
('HANDLER_READ_PREV', '0'),
('HANDLER_READ_RND', '0'),
('HANDLER_READ_RND_NEXT', '1757'),
('HANDLER_ROLLBACK', '0'),
('HANDLER_SAVEPOINT', '0'),
('HANDLER_SAVEPOINT_ROLLBACK', '0'),
('HANDLER_UPDATE', '0'),
('HANDLER_WRITE', '1568'),
('INNODB_BUFFER_POOL_PAGES_DATA', '501'),
('INNODB_BUFFER_POOL_PAGES_DIRTY', '0'),
('INNODB_BUFFER_POOL_PAGES_FLUSHED', '227026'),
('INNODB_BUFFER_POOL_PAGES_FREE', '1'),
('INNODB_BUFFER_POOL_PAGES_MISC', '10'),
('INNODB_BUFFER_POOL_PAGES_TOTAL', '512'),
('INNODB_BUFFER_POOL_READ_AHEAD_RND', '222'),
('INNODB_BUFFER_POOL_READ_AHEAD_SEQ', '3'),
('INNODB_BUFFER_POOL_READ_REQUESTS', '72306240'),
('INNODB_BUFFER_POOL_READS', '7836'),
('INNODB_BUFFER_POOL_WAIT_FREE', '0'),
('INNODB_BUFFER_POOL_WRITE_REQUESTS', '2771356'),
('INNODB_DATA_FSYNCS', '271874'),
('INNODB_DATA_PENDING_FSYNCS', '0'),
('INNODB_DATA_PENDING_READS', '0'),
('INNODB_DATA_PENDING_WRITES', '0'),
('INNODB_DATA_READ', '154374144'),
('INNODB_DATA_READS', '8400'),
('INNODB_DATA_WRITES', '405368'),
('INNODB_DATA_WRITTEN', '8023072256'),
('INNODB_DBLWR_PAGES_WRITTEN', '227026'),
('INNODB_DBLWR_WRITES', '27745'),
('INNODB_LOG_WAITS', '0'),
('INNODB_LOG_WRITE_REQUESTS', '1016683'),
('INNODB_LOG_WRITES', '198773'),
('INNODB_OS_LOG_FSYNCS', '216701'),
('INNODB_OS_LOG_PENDING_FSYNCS', '0'),
('INNODB_OS_LOG_PENDING_WRITES', '0'),
('INNODB_OS_LOG_WRITTEN', '574777344'),
('INNODB_PAGE_SIZE', '16384'),
('INNODB_PAGES_CREATED', '5853'),
('INNODB_PAGES_READ', '9289'),
('INNODB_PAGES_WRITTEN', '227026'),
('INNODB_ROW_LOCK_CURRENT_WAITS', '0'),
('INNODB_ROW_LOCK_TIME', '3979'),
('INNODB_ROW_LOCK_TIME_AVG', '79'),
('INNODB_ROW_LOCK_TIME_MAX', '1063'),
('INNODB_ROW_LOCK_WAITS', '50'),
('INNODB_ROWS_DELETED', '119346'),
('INNODB_ROWS_INSERTED', '145732'),
('INNODB_ROWS_READ', '32130437'),
('INNODB_ROWS_UPDATED', '131169'),
('KEY_BLOCKS_NOT_FLUSHED', '0'),
('KEY_BLOCKS_UNUSED', '6242'),
('KEY_BLOCKS_USED', '5385'),
('KEY_READ_REQUESTS', '5564254679'),
('KEY_READS', '14454643'),
('KEY_WRITE_REQUESTS', '105059089'),
('KEY_WRITES', '24722727'),
('LAST_QUERY_COST', '10.499000'),
('MAX_USED_CONNECTIONS', '57'),
('NOT_FLUSHED_DELAYED_ROWS', '0'),
('OPEN_FILES', '125'),
('OPEN_STREAMS', '0'),
('OPEN_TABLE_DEFINITIONS', '256'),
('OPEN_TABLES', '64'),
('OPENED_FILES', '69367606'),
('OPENED_TABLE_DEFINITIONS', '0'),
('OPENED_TABLES', '7'),
('PREPARED_STMT_COUNT', '0'),
('QCACHE_FREE_BLOCKS', '0'),
('QCACHE_FREE_MEMORY', '0'),
('QCACHE_HITS', '0'),
('QCACHE_INSERTS', '0'),
('QCACHE_LOWMEM_PRUNES', '0'),
('QCACHE_NOT_CACHED', '0'),
('QCACHE_QUERIES_IN_CACHE', '0'),
('QCACHE_TOTAL_BLOCKS', '0'),
('QUERIES', '282045360'),
('QUESTIONS', '177'),
('RPL_STATUS', 'NULL'),
('SELECT_FULL_JOIN', '0'),
('SELECT_FULL_RANGE_JOIN', '0'),
('SELECT_RANGE', '0'),
('SELECT_RANGE_CHECK', '0'),
('SELECT_SCAN', '116'),
('SLAVE_OPEN_TEMP_TABLES', '0'),
('SLAVE_RETRIED_TRANSACTIONS', '0'),
('SLAVE_RUNNING', 'OFF'),
('SLOW_LAUNCH_THREADS', '0'),
('SLOW_QUERIES', '26'),
('SORT_MERGE_PASSES', '0'),
('SORT_RANGE', '0'),
('SORT_ROWS', '0'),
('SORT_SCAN', '0'),
('SSL_ACCEPT_RENEGOTIATES', '0'),
('SSL_ACCEPTS', '0'),
('SSL_CALLBACK_CACHE_HITS', '0'),
('SSL_CIPHER', ''),
('SSL_CIPHER_LIST', ''),
('SSL_CLIENT_CONNECTS', '0'),
('SSL_CONNECT_RENEGOTIATES', '0'),
('SSL_CTX_VERIFY_DEPTH', '0'),
('SSL_CTX_VERIFY_MODE', '0'),
('SSL_DEFAULT_TIMEOUT', '0'),
('SSL_FINISHED_ACCEPTS', '0'),
('SSL_FINISHED_CONNECTS', '0'),
('SSL_SESSION_CACHE_HITS', '0'),
('SSL_SESSION_CACHE_MISSES', '0'),
('SSL_SESSION_CACHE_MODE', 'NONE'),
('SSL_SESSION_CACHE_OVERFLOWS', '0'),
('SSL_SESSION_CACHE_SIZE', '0'),
('SSL_SESSION_CACHE_TIMEOUTS', '0'),
('SSL_SESSIONS_REUSED', '0'),
('SSL_USED_SESSION_CACHE_ENTRIES', '0'),
('SSL_VERIFY_DEPTH', '0'),
('SSL_VERIFY_MODE', '0'),
('SSL_VERSION', ''),
('TABLE_LOCKS_IMMEDIATE', '294653111'),
('TABLE_LOCKS_WAITED', '47961'),
('TC_LOG_MAX_PAGES_USED', '0'),
('TC_LOG_PAGE_SIZE', '0'),
('TC_LOG_PAGE_WAITS', '0'),
('THREADS_CACHED', '0'),
('THREADS_CONNECTED', '4'),
('THREADS_CREATED', '4640468'),
('THREADS_RUNNING', '1'),
('UPTIME', '14877849'),
('UPTIME_SINCE_FLUSH_STATUS', '14877849');

-- --------------------------------------------------------

--
-- Estructura de tabla para la tabla `SESSION_VARIABLES`
--

CREATE TEMPORARY TABLE `SESSION_VARIABLES` (
  `VARIABLE_NAME` varchar(64) NOT NULL DEFAULT '',
  `VARIABLE_VALUE` varchar(1024) DEFAULT NULL
) ENGINE=MEMORY DEFAULT CHARSET=utf8;

--
-- Volcado de datos para la tabla `SESSION_VARIABLES`
--

INSERT INTO `SESSION_VARIABLES` (`VARIABLE_NAME`, `VARIABLE_VALUE`) VALUES
('MAX_PREPARED_STMT_COUNT', '16382'),
('CHARACTER_SETS_DIR', '/usr/share/mysql/charsets/'),
('HAVE_CRYPT', 'YES'),
('CONNECT_TIMEOUT', '10'),
('MYISAM_REPAIR_THREADS', '1'),
('AUTOMATIC_SP_PRIVILEGES', 'ON'),
('MAX_CONNECT_ERRORS', '10'),
('BINLOG_CACHE_SIZE', '32768'),
('INNODB_CONCURRENCY_TICKETS', '500'),
('BACK_LOG', '50'),
('MAX_CONNECTIONS', '151'),
('STORAGE_ENGINE', 'MyISAM'),
('DELAYED_INSERT_TIMEOUT', '300'),
('MAX_LENGTH_FOR_SORT_DATA', '1024'),
('LOG_BIN_TRUST_ROUTINE_CREATORS', 'OFF'),
('CHARACTER_SET_CONNECTION', 'utf8'),
('SSL_CIPHER', ''),
('CHARACTER_SET_RESULTS', 'utf8'),
('BASEDIR', '/usr/'),
('LARGE_PAGES', 'OFF'),
('UPDATABLE_VIEWS_WITH_LIMIT', 'YES'),
('TABLE_DEFINITION_CACHE', '256'),
('SLOW_LAUNCH_TIME', '2'),
('QUERY_ALLOC_BLOCK_SIZE', '8192'),
('INNODB_LOCK_WAIT_TIMEOUT', '50'),
('COMPLETION_TYPE', '0'),
('RELAY_LOG_INDEX', ''),
('COLLATION_SERVER', 'latin1_swedish_ci'),
('SQL_QUOTE_SHOW_CREATE', 'ON'),
('EVENT_SCHEDULER', 'OFF'),
('SQL_LOG_UPDATE', 'ON'),
('COLLATION_DATABASE', 'latin1_swedish_ci'),
('INNODB_USE_LEGACY_CARDINALITY_ALGORITHM', 'ON'),
('FT_MAX_WORD_LEN', '84'),
('LOCKED_IN_MEMORY', 'OFF'),
('CONCURRENT_INSERT', '1'),
('MYISAM_RECOVER_OPTIONS', 'OFF'),
('NET_WRITE_TIMEOUT', '60'),
('REPORT_HOST', ''),
('AUTO_INCREMENT_OFFSET', '1'),
('SSL_KEY', ''),
('FLUSH', 'OFF'),
('CHARACTER_SET_DATABASE', 'latin1'),
('DELAYED_INSERT_LIMIT', '100'),
('SLAVE_SKIP_ERRORS', 'OFF'),
('FT_QUERY_EXPANSION_LIMIT', '20'),
('INSERT_ID', '0'),
('SQL_LOW_PRIORITY_UPDATES', 'OFF'),
('RELAY_LOG_PURGE', 'ON'),
('LANGUAGE', '/usr/share/mysql/english/'),
('SKIP_SHOW_DATABASE', 'OFF'),
('KEY_CACHE_AGE_THRESHOLD', '300'),
('GROUP_CONCAT_MAX_LEN', '1024'),
('JOIN_BUFFER_SIZE', '131072'),
('INNODB_LOG_BUFFER_SIZE', '1048576'),
('LOG', 'OFF'),
('VERSION_COMPILE_MACHINE', 'x86_64'),
('READ_BUFFER_SIZE', '131072'),
('INNODB_MAX_PURGE_LAG', '0'),
('DELAYED_QUEUE_SIZE', '1000'),
('TRANSACTION_PREALLOC_SIZE', '4096'),
('INTERACTIVE_TIMEOUT', '28800'),
('VERSION_COMPILE_OS', 'redhat-linux-gnu'),
('WAIT_TIMEOUT', '28800'),
('SQL_NOTES', 'ON'),
('TABLE_OPEN_CACHE', '64'),
('LOW_PRIORITY_UPDATES', 'OFF'),
('LARGE_PAGE_SIZE', '0'),
('REPORT_PASSWORD', ''),
('INIT_SLAVE', ''),
('MAX_INSERT_DELAYED_THREADS', '20'),
('MAX_BINLOG_SIZE', '1073741824'),
('HAVE_COMPRESS', 'YES'),
('MAX_ERROR_COUNT', '64'),
('TRANSACTION_ALLOC_BLOCK_SIZE', '8192'),
('FT_MIN_WORD_LEN', '4'),
('THREAD_CACHE_SIZE', '0'),
('LOG_WARNINGS', '1'),
('INNODB_DOUBLEWRITE', 'ON'),
('SQL_LOG_OFF', 'OFF'),
('PSEUDO_THREAD_ID', '4640468'),
('MAX_LONG_DATA_SIZE', '1048576'),
('DEFAULT_WEEK_FORMAT', '0'),
('INNODB_FLUSH_METHOD', ''),
('LOG_OUTPUT', 'FILE'),
('LOWER_CASE_TABLE_NAMES', '0'),
('MAX_RELAY_LOG_SIZE', '0'),
('MYISAM_STATS_METHOD', 'nulls_unequal'),
('PROTOCOL_VERSION', '10'),
('NET_RETRY_COUNT', '10'),
('HAVE_SYMLINK', 'DISABLED'),
('MAX_SORT_LENGTH', '1024'),
('TIME_ZONE', '+00:00'),
('MAX_HEAP_TABLE_SIZE', '16777216'),
('INNODB_TABLE_LOCKS', 'ON'),
('FT_BOOLEAN_SYNTAX', '+ -><()~*:""&|'),
('INNODB_AUTOEXTEND_INCREMENT', '8'),
('LOG_QUERIES_NOT_USING_INDEXES', 'ON'),
('MYISAM_DATA_POINTER_SIZE', '6'),
('NET_BUFFER_LENGTH', '16384'),
('INNODB_THREAD_SLEEP_DELAY', '10000'),
('FT_STOPWORD_FILE', '(built-in)'),
('SQL_AUTO_IS_NULL', 'ON'),
('DELAY_KEY_WRITE', 'ON'),
('SLAVE_TRANSACTION_RETRIES', '10'),
('MULTI_RANGE_COUNT', '256'),
('LOG_ERROR', '/var/log/mysqld.log'),
('LONG_QUERY_TIME', '2.000000'),
('GENERAL_LOG', 'OFF'),
('BULK_INSERT_BUFFER_SIZE', '8388608'),
('TABLE_TYPE', 'MyISAM'),
('SLAVE_MAX_ALLOWED_PACKET', '1073741824'),
('QUERY_CACHE_MIN_RES_UNIT', '4096'),
('MYISAM_USE_MMAP', 'OFF'),
('INNODB_STATS_ON_METADATA', 'ON'),
('MAX_BINLOG_CACHE_SIZE', '18446744073709547520'),
('INNODB_ROLLBACK_ON_TIMEOUT', 'OFF'),
('QUERY_CACHE_TYPE', 'ON'),
('PROFILING_HISTORY_SIZE', '15'),
('CHARACTER_SET_FILESYSTEM', 'binary'),
('INNODB_ADDITIONAL_MEM_POOL_SIZE', '1048576'),
('TX_ISOLATION', 'REPEATABLE-READ'),
('READ_RND_BUFFER_SIZE', '262144'),
('THREAD_HANDLING', 'one-thread-per-connection'),
('SECURE_AUTH', 'OFF'),
('BINLOG_DIRECT_NON_TRANSACTIONAL_UPDATES', 'OFF'),
('BIG_TABLES', 'OFF'),
('FLUSH_TIME', '0'),
('SQL_SELECT_LIMIT', '18446744073709551615'),
('HAVE_INNODB', 'YES'),
('DATE_FORMAT', '%Y-%m-%d'),
('OLD_PASSWORDS', 'OFF'),
('READ_ONLY', 'OFF'),
('QUERY_PREALLOC_SIZE', '8192'),
('RAND_SEED1', ''),
('SLOW_QUERY_LOG_FILE', '/var/run/mysqld/mysqld-slow.log'),
('INNODB_DATA_FILE_PATH', 'ibdata1:10M:autoextend'),
('MAX_SEEKS_FOR_KEY', '18446744073709551615'),
('QUERY_CACHE_LIMIT', '1048576'),
('SYSTEM_TIME_ZONE', '-03'),
('PROFILING', 'OFF'),
('SSL_CERT', ''),
('QUERY_CACHE_SIZE', '0'),
('MYISAM_MAX_SORT_FILE_SIZE', '9223372036853727232'),
('KEY_CACHE_DIVISION_LIMIT', '100'),
('THREAD_STACK', '262144'),
('GENERAL_LOG_FILE', '/var/run/mysqld/mysqld.log'),
('OPEN_FILES_LIMIT', '1024'),
('MYISAM_SORT_BUFFER_SIZE', '8388608'),
('SKIP_NAME_RESOLVE', 'OFF'),
('AUTO_INCREMENT_INCREMENT', '1'),
('LAST_INSERT_ID', '0'),
('TMPDIR', '/tmp'),
('PID_FILE', '/var/run/mysqld/mysqld.pid'),
('EXPIRE_LOGS_DAYS', '0'),
('MAX_TMP_TABLES', '32'),
('HAVE_PARTITIONING', 'YES'),
('MIN_EXAMINED_ROW_LIMIT', '0'),
('FOREIGN_KEY_CHECKS', 'ON'),
('LARGE_FILES_SUPPORT', 'ON'),
('RELAY_LOG_INFO_FILE', 'relay-log.info'),
('SSL_CAPATH', ''),
('INNODB_AUTOINC_LOCK_MODE', '1'),
('VERSION_COMMENT', 'Source distribution'),
('INNODB_COMMIT_CONCURRENCY', '0'),
('OPTIMIZER_SWITCH', 'index_merge=on,index_merge_union=on,index_merge_sort_union=on,index_merge_intersection=on'),
('INNODB_MIRRORED_LOG_GROUPS', '1'),
('OPTIMIZER_PRUNE_LEVEL', '1'),
('UNIQUE_CHECKS', 'ON'),
('QUERY_CACHE_WLOCK_INVALIDATE', 'OFF'),
('VERSION', '5.1.73'),
('MAX_WRITE_LOCK_COUNT', '18446744073709551615'),
('INNODB_SUPPORT_XA', 'ON'),
('TIMED_MUTEXES', 'OFF'),
('INNODB_SYNC_SPIN_LOOPS', '20'),
('INIT_FILE', ''),
('COLLATION_CONNECTION', 'utf8_general_ci'),
('LC_TIME_NAMES', 'en_US'),
('HAVE_QUERY_CACHE', 'YES'),
('SERVER_ID', '0'),
('INNODB_ADAPTIVE_HASH_INDEX', 'ON'),
('SKIP_NETWORKING', 'OFF'),
('RPL_RECOVERY_RANK', '0'),
('CHARACTER_SET_SYSTEM', 'utf8'),
('DIV_PRECISION_INCREMENT', '4'),
('INIT_CONNECT', ''),
('DATADIR', '/var/lib/mysql/'),
('OPTIMIZER_SEARCH_DEPTH', '62'),
('INNODB_DATA_HOME_DIR', ''),
('AUTOCOMMIT', 'ON'),
('SKIP_EXTERNAL_LOCKING', 'ON'),
('KEY_CACHE_BLOCK_SIZE', '1024'),
('SQL_SLAVE_SKIP_COUNTER', ''),
('SQL_BIG_TABLES', 'OFF'),
('TIME_FORMAT', '%H:%i:%s'),
('TMP_TABLE_SIZE', '16777216'),
('INNODB_FORCE_RECOVERY', '0'),
('TABLE_LOCK_WAIT_TIMEOUT', '50'),
('INNODB_LOG_FILES_IN_GROUP', '2'),
('CHARACTER_SET_SERVER', 'latin1'),
('ERROR_COUNT', '0'),
('HOSTNAME', 'ws08.host4g.com'),
('HAVE_DYNAMIC_LOADING', 'YES'),
('SQL_BUFFER_RESULT', 'OFF'),
('SYNC_BINLOG', '0'),
('LOG_BIN', 'OFF'),
('RELAY_LOG_SPACE_LIMIT', '0'),
('SQL_MODE', ''),
('INNODB_OPEN_FILES', '300'),
('MAX_USER_CONNECTIONS', '0'),
('OLD', 'OFF'),
('SLAVE_EXEC_MODE', 'STRICT'),
('INNODB_MAX_DIRTY_PAGES_PCT', '90'),
('SQL_MAX_JOIN_SIZE', '18446744073709551615'),
('HAVE_COMMUNITY_FEATURES', 'YES'),
('NEW', 'OFF'),
('KEY_BUFFER_SIZE', '8384512'),
('SECURE_FILE_PRIV', ''),
('HAVE_NDBCLUSTER', 'NO'),
('KEEP_FILES_ON_CREATE', 'OFF'),
('REPORT_PORT', '3306'),
('REPORT_USER', ''),
('INNODB_STATS_METHOD', 'nulls_equal'),
('ENGINE_CONDITION_PUSHDOWN', 'ON'),
('INNODB_FAST_SHUTDOWN', '1'),
('SQL_LOG_BIN', 'ON'),
('SSL_CA', ''),
('LOWER_CASE_FILE_SYSTEM', 'OFF'),
('INNODB_THREAD_CONCURRENCY', '8'),
('HAVE_CSV', 'YES'),
('SLAVE_NET_TIMEOUT', '3600'),
('SQL_SAFE_UPDATES', 'OFF'),
('INNODB_BUFFER_POOL_SIZE', '8388608'),
('PRELOAD_BUFFER_SIZE', '32768'),
('LOCAL_INFILE', 'ON'),
('SLAVE_COMPRESSED_PROTOCOL', 'OFF'),
('HAVE_RTREE_KEYS', 'YES'),
('HAVE_GEOMETRY', 'YES'),
('BINLOG_FORMAT', 'STATEMENT'),
('MAX_SP_RECURSION_DEPTH', '0'),
('OLD_ALTER_TABLE', 'OFF'),
('RELAY_LOG', ''),
('MYISAM_MMAP_SIZE', '18446744073709551615'),
('PLUGIN_DIR', '/usr/lib64/mysql/plugin'),
('LOG_SLOW_QUERIES', 'OFF'),
('IGNORE_BUILTIN_INNODB', 'OFF'),
('TIMESTAMP', '1518891058'),
('NET_READ_TIMEOUT', '30'),
('MAX_DELAYED_THREADS', '20'),
('SYNC_FRM', 'ON'),
('DATETIME_FORMAT', '%Y-%m-%d %H:%i:%s'),
('SLOW_QUERY_LOG', 'OFF'),
('INNODB_FLUSH_LOG_AT_TRX_COMMIT', '1'),
('WARNING_COUNT', '0'),
('INNODB_FILE_IO_THREADS', '4'),
('MAX_ALLOWED_PACKET', '1048576'),
('LICENSE', 'GPL'),
('SQL_BIG_SELECTS', 'ON'),
('RANGE_ALLOC_BLOCK_SIZE', '4096'),
('INNODB_CHECKSUMS', 'ON'),
('PORT', '3306'),
('INNODB_LOCKS_UNSAFE_FOR_BINLOG', 'OFF'),
('HAVE_SSL', 'DISABLED'),
('INNODB_LOG_FILE_SIZE', '5242880'),
('LOG_BIN_TRUST_FUNCTION_CREATORS', 'OFF'),
('LOG_SLAVE_UPDATES', 'OFF'),
('MAX_JOIN_SIZE', '18446744073709551615'),
('SORT_BUFFER_SIZE', '2097144'),
('HAVE_OPENSSL', 'DISABLED'),
('INNODB_FILE_PER_TABLE', 'OFF'),
('INNODB_LOG_GROUP_HOME_DIR', './'),
('SOCKET', '/var/lib/mysql/mysql.sock'),
('CHARACTER_SET_CLIENT', 'utf8'),
('RAND_SEED2', ''),
('IDENTITY', '0'),
('SQL_WARNINGS', 'OFF'),
('SLAVE_LOAD_TMPDIR', '/tmp');

-- --------------------------------------------------------

--
-- Estructura de tabla para la tabla `STATISTICS`
--

CREATE TEMPORARY TABLE `STATISTICS` (
  `TABLE_CATALOG` varchar(512) DEFAULT NULL,
  `TABLE_SCHEMA` varchar(64) NOT NULL DEFAULT '',
  `TABLE_NAME` varchar(64) NOT NULL DEFAULT '',
  `NON_UNIQUE` bigint(1) NOT NULL DEFAULT '0',
  `INDEX_SCHEMA` varchar(64) NOT NULL DEFAULT '',
  `INDEX_NAME` varchar(64) NOT NULL DEFAULT '',
  `SEQ_IN_INDEX` bigint(2) NOT NULL DEFAULT '0',
  `COLUMN_NAME` varchar(64) NOT NULL DEFAULT '',
  `COLLATION` varchar(1) DEFAULT NULL,
  `CARDINALITY` bigint(21) DEFAULT NULL,
  `SUB_PART` bigint(3) DEFAULT NULL,
  `PACKED` varchar(10) DEFAULT NULL,
  `NULLABLE` varchar(3) NOT NULL DEFAULT '',
  `INDEX_TYPE` varchar(16) NOT NULL DEFAULT '',
  `COMMENT` varchar(16) DEFAULT NULL
) ENGINE=MEMORY DEFAULT CHARSET=utf8;

--
-- Volcado de datos para la tabla `STATISTICS`
--

INSERT INTO `STATISTICS` (`TABLE_CATALOG`, `TABLE_SCHEMA`, `TABLE_NAME`, `NON_UNIQUE`, `INDEX_SCHEMA`, `INDEX_NAME`, `SEQ_IN_INDEX`, `COLUMN_NAME`, `COLLATION`, `CARDINALITY`, `SUB_PART`, `PACKED`, `NULLABLE`, `INDEX_TYPE`, `COMMENT`) VALUES
(NULL, 'equipografico', 'cli', 0, 'equipografico', 'PRIMARY', 1, 'id', 'A', 39, NULL, NULL, '', 'BTREE', ''),
(NULL, 'equipografico', 'registros', 0, 'equipografico', 'PRIMARY', 1, 'id', 'A', 10, NULL, NULL, '', 'BTREE', '');

-- --------------------------------------------------------

--
-- Estructura de tabla para la tabla `TABLES`
--

CREATE TEMPORARY TABLE `TABLES` (
  `TABLE_CATALOG` varchar(512) DEFAULT NULL,
  `TABLE_SCHEMA` varchar(64) NOT NULL DEFAULT '',
  `TABLE_NAME` varchar(64) NOT NULL DEFAULT '',
  `TABLE_TYPE` varchar(64) NOT NULL DEFAULT '',
  `ENGINE` varchar(64) DEFAULT NULL,
  `VERSION` bigint(21) unsigned DEFAULT NULL,
  `ROW_FORMAT` varchar(10) DEFAULT NULL,
  `TABLE_ROWS` bigint(21) unsigned DEFAULT NULL,
  `AVG_ROW_LENGTH` bigint(21) unsigned DEFAULT NULL,
  `DATA_LENGTH` bigint(21) unsigned DEFAULT NULL,
  `MAX_DATA_LENGTH` bigint(21) unsigned DEFAULT NULL,
  `INDEX_LENGTH` bigint(21) unsigned DEFAULT NULL,
  `DATA_FREE` bigint(21) unsigned DEFAULT NULL,
  `AUTO_INCREMENT` bigint(21) unsigned DEFAULT NULL,
  `CREATE_TIME` datetime DEFAULT NULL,
  `UPDATE_TIME` datetime DEFAULT NULL,
  `CHECK_TIME` datetime DEFAULT NULL,
  `TABLE_COLLATION` varchar(32) DEFAULT NULL,
  `CHECKSUM` bigint(21) unsigned DEFAULT NULL,
  `CREATE_OPTIONS` varchar(255) DEFAULT NULL,
  `TABLE_COMMENT` varchar(80) NOT NULL DEFAULT ''
) ENGINE=MEMORY DEFAULT CHARSET=utf8;

--
-- Volcado de datos para la tabla `TABLES`
--

INSERT INTO `TABLES` (`TABLE_CATALOG`, `TABLE_SCHEMA`, `TABLE_NAME`, `TABLE_TYPE`, `ENGINE`, `VERSION`, `ROW_FORMAT`, `TABLE_ROWS`, `AVG_ROW_LENGTH`, `DATA_LENGTH`, `MAX_DATA_LENGTH`, `INDEX_LENGTH`, `DATA_FREE`, `AUTO_INCREMENT`, `CREATE_TIME`, `UPDATE_TIME`, `CHECK_TIME`, `TABLE_COLLATION`, `CHECKSUM`, `CREATE_OPTIONS`, `TABLE_COMMENT`) VALUES
(NULL, 'information_schema', 'CHARACTER_SETS', 'SYSTEM VIEW', 'MEMORY', 10, 'Fixed', NULL, 384, 0, 16434816, 0, 0, NULL, '2018-02-17 18:10:58', NULL, NULL, 'utf8_general_ci', NULL, 'max_rows=43690', ''),
(NULL, 'information_schema', 'COLLATIONS', 'SYSTEM VIEW', 'MEMORY', 10, 'Fixed', NULL, 231, 0, 16704765, 0, 0, NULL, '2018-02-17 18:10:58', NULL, NULL, 'utf8_general_ci', NULL, 'max_rows=72628', ''),
(NULL, 'information_schema', 'COLLATION_CHARACTER_SET_APPLICABILITY', 'SYSTEM VIEW', 'MEMORY', 10, 'Fixed', NULL, 195, 0, 16357770, 0, 0, NULL, '2018-02-17 18:10:58', NULL, NULL, 'utf8_general_ci', NULL, 'max_rows=86037', ''),
(NULL, 'information_schema', 'COLUMNS', 'SYSTEM VIEW', 'MyISAM', 10, 'Dynamic', NULL, 0, 0, 281474976710655, 1024, 0, NULL, '2018-02-17 18:10:58', '2018-02-17 18:10:58', NULL, 'utf8_general_ci', NULL, 'max_rows=4560', ''),
(NULL, 'information_schema', 'COLUMN_PRIVILEGES', 'SYSTEM VIEW', 'MEMORY', 10, 'Fixed', NULL, 2565, 0, 16757145, 0, 0, NULL, '2018-02-17 18:10:58', NULL, NULL, 'utf8_general_ci', NULL, 'max_rows=6540', ''),
(NULL, 'information_schema', 'ENGINES', 'SYSTEM VIEW', 'MEMORY', 10, 'Fixed', NULL, 490, 0, 16574250, 0, 0, NULL, '2018-02-17 18:10:58', NULL, NULL, 'utf8_general_ci', NULL, 'max_rows=34239', ''),
(NULL, 'information_schema', 'EVENTS', 'SYSTEM VIEW', 'MyISAM', 10, 'Dynamic', NULL, 0, 0, 281474976710655, 1024, 0, NULL, '2018-02-17 18:10:58', '2018-02-17 18:10:58', NULL, 'utf8_general_ci', NULL, 'max_rows=618', ''),
(NULL, 'information_schema', 'FILES', 'SYSTEM VIEW', 'MEMORY', 10, 'Fixed', NULL, 2677, 0, 16758020, 0, 0, NULL, '2018-02-17 18:10:58', NULL, NULL, 'utf8_general_ci', NULL, 'max_rows=6267', ''),
(NULL, 'information_schema', 'GLOBAL_STATUS', 'SYSTEM VIEW', 'MEMORY', 10, 'Fixed', NULL, 3268, 0, 16755036, 0, 0, NULL, '2018-02-17 18:10:58', NULL, NULL, 'utf8_general_ci', NULL, 'max_rows=5133', ''),
(NULL, 'information_schema', 'GLOBAL_VARIABLES', 'SYSTEM VIEW', 'MEMORY', 10, 'Fixed', NULL, 3268, 0, 16755036, 0, 0, NULL, '2018-02-17 18:10:58', NULL, NULL, 'utf8_general_ci', NULL, 'max_rows=5133', ''),
(NULL, 'information_schema', 'KEY_COLUMN_USAGE', 'SYSTEM VIEW', 'MEMORY', 10, 'Fixed', NULL, 4637, 0, 16762755, 0, 0, NULL, '2018-02-17 18:10:58', NULL, NULL, 'utf8_general_ci', NULL, 'max_rows=3618', ''),
(NULL, 'information_schema', 'PARTITIONS', 'SYSTEM VIEW', 'MyISAM', 10, 'Dynamic', NULL, 0, 0, 281474976710655, 1024, 0, NULL, '2018-02-17 18:10:58', '2018-02-17 18:10:58', NULL, 'utf8_general_ci', NULL, 'max_rows=5612', ''),
(NULL, 'information_schema', 'PLUGINS', 'SYSTEM VIEW', 'MyISAM', 10, 'Dynamic', NULL, 0, 0, 281474976710655, 1024, 0, NULL, '2018-02-17 18:10:58', '2018-02-17 18:10:58', NULL, 'utf8_general_ci', NULL, 'max_rows=13025', ''),
(NULL, 'information_schema', 'PROCESSLIST', 'SYSTEM VIEW', 'MyISAM', 10, 'Dynamic', NULL, 0, 0, 281474976710655, 1024, 0, NULL, '2018-02-17 18:10:58', '2018-02-17 18:10:58', NULL, 'utf8_general_ci', NULL, 'max_rows=23899', ''),
(NULL, 'information_schema', 'PROFILING', 'SYSTEM VIEW', 'MEMORY', 10, 'Fixed', NULL, 308, 0, 16562084, 0, 0, NULL, '2018-02-17 18:10:58', NULL, NULL, 'utf8_general_ci', NULL, 'max_rows=54471', ''),
(NULL, 'information_schema', 'REFERENTIAL_CONSTRAINTS', 'SYSTEM VIEW', 'MEMORY', 10, 'Fixed', NULL, 4814, 0, 16767162, 0, 0, NULL, '2018-02-17 18:10:58', NULL, NULL, 'utf8_general_ci', NULL, 'max_rows=3485', ''),
(NULL, 'information_schema', 'ROUTINES', 'SYSTEM VIEW', 'MyISAM', 10, 'Dynamic', NULL, 0, 0, 281474976710655, 1024, 0, NULL, '2018-02-17 18:10:58', '2018-02-17 18:10:58', NULL, 'utf8_general_ci', NULL, 'max_rows=588', ''),
(NULL, 'information_schema', 'SCHEMATA', 'SYSTEM VIEW', 'MEMORY', 10, 'Fixed', NULL, 3464, 0, 16738048, 0, 0, NULL, '2018-02-17 18:10:58', NULL, NULL, 'utf8_general_ci', NULL, 'max_rows=4843', ''),
(NULL, 'information_schema', 'SCHEMA_PRIVILEGES', 'SYSTEM VIEW', 'MEMORY', 10, 'Fixed', NULL, 2179, 0, 16736899, 0, 0, NULL, '2018-02-17 18:10:58', NULL, NULL, 'utf8_general_ci', NULL, 'max_rows=7699', ''),
(NULL, 'information_schema', 'SESSION_STATUS', 'SYSTEM VIEW', 'MEMORY', 10, 'Fixed', NULL, 3268, 0, 16755036, 0, 0, NULL, '2018-02-17 18:10:58', NULL, NULL, 'utf8_general_ci', NULL, 'max_rows=5133', ''),
(NULL, 'information_schema', 'SESSION_VARIABLES', 'SYSTEM VIEW', 'MEMORY', 10, 'Fixed', NULL, 3268, 0, 16755036, 0, 0, NULL, '2018-02-17 18:10:58', NULL, NULL, 'utf8_general_ci', NULL, 'max_rows=5133', ''),
(NULL, 'information_schema', 'STATISTICS', 'SYSTEM VIEW', 'MEMORY', 10, 'Fixed', NULL, 2679, 0, 16770540, 0, 0, NULL, '2018-02-17 18:10:58', NULL, NULL, 'utf8_general_ci', NULL, 'max_rows=6262', ''),
(NULL, 'information_schema', 'TABLES', 'SYSTEM VIEW', 'MEMORY', 10, 'Fixed', NULL, 3545, 0, 16743035, 0, 0, NULL, '2018-02-17 18:10:58', NULL, NULL, 'utf8_general_ci', NULL, 'max_rows=4732', ''),
(NULL, 'information_schema', 'TABLE_CONSTRAINTS', 'SYSTEM VIEW', 'MEMORY', 10, 'Fixed', NULL, 2504, 0, 16721712, 0, 0, NULL, '2018-02-17 18:10:58', NULL, NULL, 'utf8_general_ci', NULL, 'max_rows=6700', ''),
(NULL, 'information_schema', 'TABLE_PRIVILEGES', 'SYSTEM VIEW', 'MEMORY', 10, 'Fixed', NULL, 2372, 0, 16748692, 0, 0, NULL, '2018-02-17 18:10:58', NULL, NULL, 'utf8_general_ci', NULL, 'max_rows=7073', ''),
(NULL, 'information_schema', 'TRIGGERS', 'SYSTEM VIEW', 'MyISAM', 10, 'Dynamic', NULL, 0, 0, 281474976710655, 1024, 0, NULL, '2018-02-17 18:10:58', '2018-02-17 18:10:58', NULL, 'utf8_general_ci', NULL, 'max_rows=569', ''),
(NULL, 'information_schema', 'USER_PRIVILEGES', 'SYSTEM VIEW', 'MEMORY', 10, 'Fixed', NULL, 1986, 0, 16726092, 0, 0, NULL, '2018-02-17 18:10:58', NULL, NULL, 'utf8_general_ci', NULL, 'max_rows=8447', ''),
(NULL, 'information_schema', 'VIEWS', 'SYSTEM VIEW', 'MyISAM', 10, 'Dynamic', NULL, 0, 0, 281474976710655, 1024, 0, NULL, '2018-02-17 18:10:58', '2018-02-17 18:10:58', NULL, 'utf8_general_ci', NULL, 'max_rows=6932', ''),
(NULL, 'equipografico', 'cli', 'BASE TABLE', 'MyISAM', 10, 'Dynamic', 39, 74, 2924, 281474976710655, 2048, 0, 575, '2017-12-14 02:59:14', '2017-12-14 03:00:04', NULL, 'latin1_swedish_ci', NULL, '', ''),
(NULL, 'equipografico', 'pre', 'BASE TABLE', 'MyISAM', 10, 'Dynamic', 3, 78, 236, 281474976710655, 1024, 0, NULL, '2017-09-08 15:51:58', '2017-09-08 15:51:58', NULL, 'latin1_swedish_ci', NULL, '', ''),
(NULL, 'equipografico', 'prov', 'BASE TABLE', 'MyISAM', 10, 'Dynamic', 21, 92, 1944, 281474976710655, 1024, 0, NULL, '2017-09-08 15:51:58', '2017-09-08 15:51:58', NULL, 'latin1_swedish_ci', NULL, '', ''),
(NULL, 'equipografico', 'registros', 'BASE TABLE', 'MyISAM', 10, 'Dynamic', 10, 94, 948, 281474976710655, 2048, 0, 538, '2017-12-14 03:04:25', '2017-12-14 03:05:43', NULL, 'latin1_swedish_ci', NULL, '', ''),
(NULL, 'equipografico', 'stk', 'BASE TABLE', 'MyISAM', 10, 'Dynamic', 128, 92, 11808, 281474976710655, 1024, 0, NULL, '2017-09-08 15:55:43', '2017-09-08 15:58:12', NULL, 'latin1_swedish_ci', NULL, '', ''),
(NULL, 'equipografico', 'tblrep', 'BASE TABLE', 'MyISAM', 10, 'Dynamic', 0, 0, 0, 281474976710655, 1024, 0, NULL, '2017-09-08 15:52:48', '2017-09-08 15:52:48', NULL, 'latin1_swedish_ci', NULL, '', ''),
(NULL, 'equipografico', 'vehi', 'BASE TABLE', 'MyISAM', 10, 'Dynamic', 41, 62, 2548, 281474976710655, 1024, 0, NULL, '2017-09-08 15:53:40', '2017-09-08 15:53:54', NULL, 'latin1_swedish_ci', NULL, '', '');

-- --------------------------------------------------------

--
-- Estructura de tabla para la tabla `TABLE_CONSTRAINTS`
--

CREATE TEMPORARY TABLE `TABLE_CONSTRAINTS` (
  `CONSTRAINT_CATALOG` varchar(512) DEFAULT NULL,
  `CONSTRAINT_SCHEMA` varchar(64) NOT NULL DEFAULT '',
  `CONSTRAINT_NAME` varchar(64) NOT NULL DEFAULT '',
  `TABLE_SCHEMA` varchar(64) NOT NULL DEFAULT '',
  `TABLE_NAME` varchar(64) NOT NULL DEFAULT '',
  `CONSTRAINT_TYPE` varchar(64) NOT NULL DEFAULT ''
) ENGINE=MEMORY DEFAULT CHARSET=utf8;

--
-- Volcado de datos para la tabla `TABLE_CONSTRAINTS`
--

INSERT INTO `TABLE_CONSTRAINTS` (`CONSTRAINT_CATALOG`, `CONSTRAINT_SCHEMA`, `CONSTRAINT_NAME`, `TABLE_SCHEMA`, `TABLE_NAME`, `CONSTRAINT_TYPE`) VALUES
(NULL, 'equipografico', 'PRIMARY', 'equipografico', 'cli', 'PRIMARY KEY'),
(NULL, 'equipografico', 'PRIMARY', 'equipografico', 'registros', 'PRIMARY KEY');

-- --------------------------------------------------------

--
-- Estructura de tabla para la tabla `TABLE_PRIVILEGES`
--

CREATE TEMPORARY TABLE `TABLE_PRIVILEGES` (
  `GRANTEE` varchar(81) NOT NULL DEFAULT '',
  `TABLE_CATALOG` varchar(512) DEFAULT NULL,
  `TABLE_SCHEMA` varchar(64) NOT NULL DEFAULT '',
  `TABLE_NAME` varchar(64) NOT NULL DEFAULT '',
  `PRIVILEGE_TYPE` varchar(64) NOT NULL DEFAULT '',
  `IS_GRANTABLE` varchar(3) NOT NULL DEFAULT ''
) ENGINE=MEMORY DEFAULT CHARSET=utf8;

-- --------------------------------------------------------

--
-- Estructura de tabla para la tabla `TRIGGERS`
--

CREATE TEMPORARY TABLE `TRIGGERS` (
  `TRIGGER_CATALOG` varchar(512) DEFAULT NULL,
  `TRIGGER_SCHEMA` varchar(64) NOT NULL DEFAULT '',
  `TRIGGER_NAME` varchar(64) NOT NULL DEFAULT '',
  `EVENT_MANIPULATION` varchar(6) NOT NULL DEFAULT '',
  `EVENT_OBJECT_CATALOG` varchar(512) DEFAULT NULL,
  `EVENT_OBJECT_SCHEMA` varchar(64) NOT NULL DEFAULT '',
  `EVENT_OBJECT_TABLE` varchar(64) NOT NULL DEFAULT '',
  `ACTION_ORDER` bigint(4) NOT NULL DEFAULT '0',
  `ACTION_CONDITION` longtext,
  `ACTION_STATEMENT` longtext NOT NULL,
  `ACTION_ORIENTATION` varchar(9) NOT NULL DEFAULT '',
  `ACTION_TIMING` varchar(6) NOT NULL DEFAULT '',
  `ACTION_REFERENCE_OLD_TABLE` varchar(64) DEFAULT NULL,
  `ACTION_REFERENCE_NEW_TABLE` varchar(64) DEFAULT NULL,
  `ACTION_REFERENCE_OLD_ROW` varchar(3) NOT NULL DEFAULT '',
  `ACTION_REFERENCE_NEW_ROW` varchar(3) NOT NULL DEFAULT '',
  `CREATED` datetime DEFAULT NULL,
  `SQL_MODE` varchar(8192) NOT NULL DEFAULT '',
  `DEFINER` varchar(77) NOT NULL DEFAULT '',
  `CHARACTER_SET_CLIENT` varchar(32) NOT NULL DEFAULT '',
  `COLLATION_CONNECTION` varchar(32) NOT NULL DEFAULT '',
  `DATABASE_COLLATION` varchar(32) NOT NULL DEFAULT ''
) ENGINE=MyISAM DEFAULT CHARSET=utf8;

-- --------------------------------------------------------

--
-- Estructura de tabla para la tabla `USER_PRIVILEGES`
--

CREATE TEMPORARY TABLE `USER_PRIVILEGES` (
  `GRANTEE` varchar(81) NOT NULL DEFAULT '',
  `TABLE_CATALOG` varchar(512) DEFAULT NULL,
  `PRIVILEGE_TYPE` varchar(64) NOT NULL DEFAULT '',
  `IS_GRANTABLE` varchar(3) NOT NULL DEFAULT ''
) ENGINE=MEMORY DEFAULT CHARSET=utf8;

--
-- Volcado de datos para la tabla `USER_PRIVILEGES`
--

INSERT INTO `USER_PRIVILEGES` (`GRANTEE`, `TABLE_CATALOG`, `PRIVILEGE_TYPE`, `IS_GRANTABLE`) VALUES
('''equipografico''@''localhost''', NULL, 'USAGE', 'NO');

-- --------------------------------------------------------

--
-- Estructura de tabla para la tabla `VIEWS`
--

CREATE TEMPORARY TABLE `VIEWS` (
  `TABLE_CATALOG` varchar(512) DEFAULT NULL,
  `TABLE_SCHEMA` varchar(64) NOT NULL DEFAULT '',
  `TABLE_NAME` varchar(64) NOT NULL DEFAULT '',
  `VIEW_DEFINITION` longtext NOT NULL,
  `CHECK_OPTION` varchar(8) NOT NULL DEFAULT '',
  `IS_UPDATABLE` varchar(3) NOT NULL DEFAULT '',
  `DEFINER` varchar(77) NOT NULL DEFAULT '',
  `SECURITY_TYPE` varchar(7) NOT NULL DEFAULT '',
  `CHARACTER_SET_CLIENT` varchar(32) NOT NULL DEFAULT '',
  `COLLATION_CONNECTION` varchar(32) NOT NULL DEFAULT ''
) ENGINE=MyISAM DEFAULT CHARSET=utf8;

/*!40101 SET CHARACTER_SET_CLIENT=@OLD_CHARACTER_SET_CLIENT */;
/*!40101 SET CHARACTER_SET_RESULTS=@OLD_CHARACTER_SET_RESULTS */;
/*!40101 SET COLLATION_CONNECTION=@OLD_COLLATION_CONNECTION */;
